,pep_seq,hyd_count,deam_count,mass1,pep_start,pep_end,missed.cleaves,GENUS,SPECIES,pep_diff,pep_id,pep_score
0,TGHPGTVGPAGIR,0,0,1219.64720368385,2047,2059,0,Piliocolobus,Piliocolobus tephrosceles,12,342,69.73
1,TGHPGTVGPAGIR,1,0,1235.64211392403,2047,2059,0,Piliocolobus,Piliocolobus tephrosceles,12,342,60.07
2,DGRTGHPGTVGPAGIR,1,0,1563.79168486595,2044,2059,1,Piliocolobus,Piliocolobus tephrosceles,15,341,51.0
3,DGRTGHPGTVGPAGIR,0,0,1547.79677462578,2044,2059,1,Piliocolobus,Piliocolobus tephrosceles,15,341,49.78
4,DGRTGHPGTVGPAGIR,2,0,1579.78659510612,2044,2059,1,Piliocolobus,Piliocolobus tephrosceles,15,341,3.32
5,GPAGPSGPAGKDGR,1,0,1239.60061430931,2033,2046,1,Piliocolobus,Piliocolobus tephrosceles,13,339,73.76
6,GPAGPSGPAGKDGR,0,0,1223.60570406914,2033,2046,1,Piliocolobus,Piliocolobus tephrosceles,13,339,68.44
7,GPAGPSGPAGKDGR,2,0,1255.59552454948,2033,2046,1,Piliocolobus,Piliocolobus tephrosceles,13,339,48.82
8,GPAGPSGPAGK,0,0,895.456133127213,2033,2043,0,Piliocolobus,Piliocolobus tephrosceles,10,338,63.59
9,GPAGPSGPAGK,1,0,911.451043367386,2033,2043,0,Piliocolobus,Piliocolobus tephrosceles,10,338,43.69
10,GPAGPSGPAGK,2,0,927.445953607559,2033,2043,0,Piliocolobus,Piliocolobus tephrosceles,10,338,40.53
11,GPAGPSGPAGK,4,0,959.435774087906,2033,2043,0,Piliocolobus,Piliocolobus tephrosceles,10,338,19.58
12,GPAGPSGPAGK,3,0,943.440863847733,2033,2043,0,Piliocolobus,Piliocolobus tephrosceles,10,338,12.98
13,GHNGLQGLPGLAGHHGDQGAPGSVGPAGPR,2,1,2801.33950889111,2003,2032,0,Piliocolobus,Piliocolobus tephrosceles,29,337,42.26
14,GHNGLQGLPGLAGHHGDQGAPGSVGPAGPR,2,0,2800.35549855232,2003,2032,0,Piliocolobus,Piliocolobus tephrosceles,29,337,41.05
15,GHNGLQGLPGLAGHHGDQGAPGSVGPAGPR,1,1,2785.34459865093,2003,2032,0,Piliocolobus,Piliocolobus tephrosceles,29,337,32.86
16,GHNGLQGLPGLAGHHGDQGAPGSVGPAGPR,0,1,2769.34968841076,2003,2032,0,Piliocolobus,Piliocolobus tephrosceles,29,337,28.05
17,GHNGLQGLPGLAGHHGDQGAPGSVGPAGPR,1,0,2784.36058831215,2003,2032,0,Piliocolobus,Piliocolobus tephrosceles,29,337,27.32
18,GHNGLQGLPGLAGHHGDQGAPGSVGPAGPR,2,3,2803.30752956867,2003,2032,0,Piliocolobus,Piliocolobus tephrosceles,29,337,18.26
19,GHNGLQGLPGLAGHHGDQGAPGSVGPAGPR,3,0,2816.3504087925,2003,2032,0,Piliocolobus,Piliocolobus tephrosceles,29,337,12.95
20,GHNGLQGLPGLAGHHGDQGAPGSVGPAGPR,2,2,2802.32351922989,2003,2032,0,Piliocolobus,Piliocolobus tephrosceles,29,337,6.95
21,GHNGLQGLPGLAGHHGDQGAPGSVGPAGPR,0,2,2770.33369874954,2003,2032,0,Piliocolobus,Piliocolobus tephrosceles,29,337,0.9
22,GLPGLKGHNGLQGLPGLAGHHGDQGAPGSVGPAGPR,3,1,3382.69338083267,1997,2032,1,Piliocolobus,Piliocolobus tephrosceles,35,336,20.16
23,GLPGLKGHNGLQGLPGLAGHHGDQGAPGSVGPAGPR,0,2,3335.69266045094,1997,2032,1,Piliocolobus,Piliocolobus tephrosceles,35,336,7.85
24,GLPGLKGHNGLQGLPGLAGHHGDQGAPGSVGPAGPR,1,3,3352.67158102989,1997,2032,1,Piliocolobus,Piliocolobus tephrosceles,35,336,5.16
25,GLPGLKGHNGLQGLPGLAGHHGDQGAPGSVGPAGPR,5,3,3416.65122199059,1997,2032,1,Piliocolobus,Piliocolobus tephrosceles,35,336,3.38
26,GLPGLKGHNGLQGLPGLAGHHGDQGAPGSVGPAGPR,3,2,3383.67739117146,1997,2032,1,Piliocolobus,Piliocolobus tephrosceles,35,336,3.1
27,GDKGEPGDK,1,0,918.409214138985,1985,1993,1,Piliocolobus,Piliocolobus tephrosceles,8,334,33.8
28,GEPGDKGPR,1,0,928.441193461418,1988,1996,1,Piliocolobus,Piliocolobus tephrosceles,8,334,33.8
29,GDKGEPGDK,0,0,902.414303898811,1985,1993,1,Piliocolobus,Piliocolobus tephrosceles,8,334,16.48
30,GEPGDKGPR,0,0,912.446283221245,1988,1996,1,Piliocolobus,Piliocolobus tephrosceles,8,334,16.48
31,GPSGPQGIRGDK,0,0,1168.59989392757,1976,1987,1,Piliocolobus,Piliocolobus tephrosceles,11,331,29.7
32,GPSGPQGIRGDK,1,0,1184.59480416775,1976,1987,1,Piliocolobus,Piliocolobus tephrosceles,11,331,9.06
33,GPSGPQGIRGDK,1,1,1185.57881450653,1976,1987,1,Piliocolobus,Piliocolobus tephrosceles,11,331,5.51
34,GPSGPQGIRGDK,0,1,1169.58390426636,1976,1987,1,Piliocolobus,Piliocolobus tephrosceles,11,331,2.46
35,GPSGPQGIR,0,0,868.456462740898,1976,1984,0,Piliocolobus,Piliocolobus tephrosceles,8,330,68.2
36,GPSGPQGIR,0,1,869.440473079681,1976,1984,0,Piliocolobus,Piliocolobus tephrosceles,8,330,31.74
37,GPSGPQGIR,1,0,884.451372981071,1976,1984,0,Piliocolobus,Piliocolobus tephrosceles,8,330,8.18
38,GPSGPQGIR,1,1,885.435383319855,1976,1984,0,Piliocolobus,Piliocolobus tephrosceles,8,330,2.74
39,GETGPSGPVGPAGAVGPRGPSGPQGIR,1,1,2429.21002852917,1958,1984,1,Piliocolobus,Piliocolobus tephrosceles,26,329,34.6
40,GETGPSGPVGPAGAVGPRGPSGPQGIR,1,0,2428.22601819038,1958,1984,1,Piliocolobus,Piliocolobus tephrosceles,26,329,10.77
41,GETGPSGPVGPAGAVGPR,1,0,1578.78012573719,1958,1975,0,Piliocolobus,Piliocolobus tephrosceles,17,328,92.01
42,GETGPSGPVGPAGAVGPR,0,0,1562.78521549702,1958,1975,0,Piliocolobus,Piliocolobus tephrosceles,17,328,82.79
43,GETGPSGPVGPAGAVGPR,2,0,1594.77503597736,1958,1975,0,Piliocolobus,Piliocolobus tephrosceles,17,328,37.5
44,HGNRGETGPSGPVGPAGAVGPR,1,0,2043.00461637974,1954,1975,1,Piliocolobus,Piliocolobus tephrosceles,21,327,69.87
45,HGNRGETGPSGPVGPAGAVGPR,1,1,2043.98862671852,1954,1975,1,Piliocolobus,Piliocolobus tephrosceles,21,327,59.99
46,HGNRGETGPSGPVGPAGAVGPR,2,0,2058.99952661991,1954,1975,1,Piliocolobus,Piliocolobus tephrosceles,21,327,44.54
47,HGNRGETGPSGPVGPAGAVGPR,3,0,2074.99443686008,1954,1975,1,Piliocolobus,Piliocolobus tephrosceles,21,327,6.93
48,HGNRGETGPSGPVGPAGAVGPR,3,1,2075.97844719887,1954,1975,1,Piliocolobus,Piliocolobus tephrosceles,21,327,5.97
49,HGNRGETGPSGPVGPAGAVGPR,2,1,2059.98353695869,1954,1975,1,Piliocolobus,Piliocolobus tephrosceles,21,327,2.52
50,GYPGNNGPVGAAGAPGPHGPVGPAGKHGNR,4,0,2781.31327855587,1928,1957,1,Piliocolobus,Piliocolobus tephrosceles,29,326,4.27
51,GYPGNNGPVGAAGAPGPHGPVGPAGK,2,0,2285.09896743298,1928,1953,0,Piliocolobus,Piliocolobus tephrosceles,25,325,87.12
52,GYPGNNGPVGAAGAPGPHGPVGPAGK,4,0,2317.08878791332,1928,1953,0,Piliocolobus,Piliocolobus tephrosceles,25,325,50.98
53,GYPGNNGPVGAAGAPGPHGPVGPAGK,2,1,2286.08297777176,1928,1953,0,Piliocolobus,Piliocolobus tephrosceles,25,325,45.9
54,GYPGNNGPVGAAGAPGPHGPVGPAGK,2,2,2287.06698811054,1928,1953,0,Piliocolobus,Piliocolobus tephrosceles,25,325,40.18
55,GYPGNNGPVGAAGAPGPHGPVGPAGK,1,0,2269.1040571928,1928,1953,0,Piliocolobus,Piliocolobus tephrosceles,25,325,22.21
56,GYPGNNGPVGAAGAPGPHGPVGPAGK,5,0,2333.0836981535,1928,1953,0,Piliocolobus,Piliocolobus tephrosceles,25,325,21.05
57,GYPGNNGPVGAAGAPGPHGPVGPAGK,3,0,2301.09387767315,1928,1953,0,Piliocolobus,Piliocolobus tephrosceles,25,325,5.73
58,GYPGNNGPVGAAGAPGPHGPVGPAGK,6,0,2349.07860839367,1928,1953,0,Piliocolobus,Piliocolobus tephrosceles,25,325,3.32
59,DGQPGHKGER,1,1,1097.48994398117,1918,1927,1,Piliocolobus,Piliocolobus tephrosceles,9,322,57.41
60,DGQPGHKGER,1,0,1096.50593364239,1918,1927,1,Piliocolobus,Piliocolobus tephrosceles,9,322,55.59
61,DGQPGHKGER,2,0,1112.50084388256,1918,1927,1,Piliocolobus,Piliocolobus tephrosceles,9,322,34.64
62,DGQPGHKGER,0,0,1080.51102340221,1918,1927,1,Piliocolobus,Piliocolobus tephrosceles,9,322,18.14
63,DGNPGNDGPPGRDGQPGHK,3,0,1919.81570696831,1906,1924,1,Piliocolobus,Piliocolobus tephrosceles,18,320,15.43
64,DGNPGNDGPPGRDGQPGHK,2,0,1903.82079672813,1906,1924,1,Piliocolobus,Piliocolobus tephrosceles,18,320,8.78
65,DGNPGNDGPPGR,1,0,1168.49066436291,1906,1917,0,Piliocolobus,Piliocolobus tephrosceles,11,319,62.97
66,DGNPGNDGPPGR,2,0,1184.48557460308,1906,1917,0,Piliocolobus,Piliocolobus tephrosceles,11,319,57.44
67,DGNPGNDGPPGR,1,1,1169.47467470169,1906,1917,0,Piliocolobus,Piliocolobus tephrosceles,11,319,43.68
68,DGNPGNDGPPGR,0,0,1152.49575412273,1906,1917,0,Piliocolobus,Piliocolobus tephrosceles,11,319,40.64
69,DGNPGNDGPPGR,2,1,1185.46958494186,1906,1917,0,Piliocolobus,Piliocolobus tephrosceles,11,319,32.37
70,DGNPGNDGPPGR,0,1,1153.47976446152,1906,1917,0,Piliocolobus,Piliocolobus tephrosceles,11,319,7.48
71,GPPGAVGSPGVNGAPGEAGRDGNPGNDGPPGR,4,1,2902.2878909111,1886,1917,1,Piliocolobus,Piliocolobus tephrosceles,31,317,48.31
72,GPPGAVGSPGVNGAPGEAGRDGNPGNDGPPGR,2,0,2869.31406009197,1886,1917,1,Piliocolobus,Piliocolobus tephrosceles,31,317,42.56
73,GPPGAVGSPGVNGAPGEAGRDGNPGNDGPPGR,5,1,2918.28280115128,1886,1917,1,Piliocolobus,Piliocolobus tephrosceles,31,317,35.2
74,GPPGAVGSPGVNGAPGEAGRDGNPGNDGPPGR,3,1,2886.29298067093,1886,1917,1,Piliocolobus,Piliocolobus tephrosceles,31,317,34.81
75,GPPGAVGSPGVNGAPGEAGRDGNPGNDGPPGR,4,2,2903.27190124989,1886,1917,1,Piliocolobus,Piliocolobus tephrosceles,31,317,23.49
76,GPPGAVGSPGVNGAPGEAGRDGNPGNDGPPGR,4,0,2901.30388057232,1886,1917,1,Piliocolobus,Piliocolobus tephrosceles,31,317,23.32
77,GPPGAVGSPGVNGAPGEAGRDGNPGNDGPPGR,5,0,2917.29879081249,1886,1917,1,Piliocolobus,Piliocolobus tephrosceles,31,317,21.11
78,GPPGAVGSPGVNGAPGEAGRDGNPGNDGPPGR,5,2,2919.26681149006,1886,1917,1,Piliocolobus,Piliocolobus tephrosceles,31,317,14.48
79,GPPGAVGSPGVNGAPGEAGRDGNPGNDGPPGR,3,0,2885.30897033215,1886,1917,1,Piliocolobus,Piliocolobus tephrosceles,31,317,13.86
80,GPPGAVGSPGVNGAPGEAGRDGNPGNDGPPGR,2,1,2870.29807043076,1886,1917,1,Piliocolobus,Piliocolobus tephrosceles,31,317,1.36
81,GPPGAVGSPGVNGAPGEAGR,3,1,1752.8077968359,1886,1905,0,Piliocolobus,Piliocolobus tephrosceles,19,316,93.42
82,GPPGAVGSPGVNGAPGEAGR,3,0,1751.82378649712,1886,1905,0,Piliocolobus,Piliocolobus tephrosceles,19,316,91.49
83,GPPGAVGSPGVNGAPGEAGR,2,1,1736.81288659573,1886,1905,0,Piliocolobus,Piliocolobus tephrosceles,19,316,83.24
84,GPPGAVGSPGVNGAPGEAGR,2,0,1735.82887625694,1886,1905,0,Piliocolobus,Piliocolobus tephrosceles,19,316,78.69
85,GLPGVAGAVGEPGPLGIAGPPGAR,3,0,2115.11252748966,1862,1885,0,Piliocolobus,Piliocolobus tephrosceles,23,314,136.03
86,GLPGVAGAVGEPGPLGIAGPPGAR,2,0,2099.11761724949,1862,1885,0,Piliocolobus,Piliocolobus tephrosceles,23,314,121.37
87,GLPGVAGAVGEPGPLGIAGPPGAR,4,0,2131.10743772984,1862,1885,0,Piliocolobus,Piliocolobus tephrosceles,23,314,67.52
88,GLPGVAGAVGEPGPLGIAGPPGAR,1,0,2083.12270700932,1862,1885,0,Piliocolobus,Piliocolobus tephrosceles,23,314,64.94
89,GERGLPGVAGAVGEPGPLGIAGPPGAR,3,0,2457.27775847912,1859,1885,1,Piliocolobus,Piliocolobus tephrosceles,26,313,80.92
90,GERGLPGVAGAVGEPGPLGIAGPPGAR,2,0,2441.28284823895,1859,1885,1,Piliocolobus,Piliocolobus tephrosceles,26,313,55.04
91,GERGLPGVAGAVGEPGPLGIAGPPGAR,4,0,2473.27266871929,1859,1885,1,Piliocolobus,Piliocolobus tephrosceles,26,313,0.23
92,GPSGEAGTAGPPGTPGPQGLLGAPGILGLPGSRGER,5,0,3315.64984238148,1826,1861,1,Piliocolobus,Piliocolobus tephrosceles,35,312,52.14
93,GPSGEAGTAGPPGTPGPQGLLGAPGILGLPGSRGER,4,0,3299.6549321413,1826,1861,1,Piliocolobus,Piliocolobus tephrosceles,35,312,31.22
94,GPSGEAGTAGPPGTPGPQGLLGAPGILGLPGSR,4,0,2957.48970115185,1826,1858,0,Piliocolobus,Piliocolobus tephrosceles,32,311,46.09
95,GPSGEAGTAGPPGTPGPQGLLGAPGILGLPGSR,5,0,2973.48461139202,1826,1858,0,Piliocolobus,Piliocolobus tephrosceles,32,311,36.36
96,GPSGEAGTAGPPGTPGPQGLLGAPGILGLPGSR,4,1,2958.47371149063,1826,1858,0,Piliocolobus,Piliocolobus tephrosceles,32,311,23.75
97,GPSGEAGTAGPPGTPGPQGLLGAPGILGLPGSR,5,1,2974.4686217308,1826,1858,0,Piliocolobus,Piliocolobus tephrosceles,32,311,22.52
98,GPSGEAGTAGPPGTPGPQGLLGAPGILGLPGSR,2,0,2925.4998806715,1826,1858,0,Piliocolobus,Piliocolobus tephrosceles,32,311,19.53
99,GPSGEAGTAGPPGTPGPQGLLGAPGILGLPGSR,3,0,2941.49479091167,1826,1858,0,Piliocolobus,Piliocolobus tephrosceles,32,311,11.36
100,GPSGEAGTAGPPGTPGPQGLLGAPGILGLPGSR,3,1,2942.47880125046,1826,1858,0,Piliocolobus,Piliocolobus tephrosceles,32,311,5.14
101,TGEVGAVGPPGFAGEK,1,0,1488.72595584393,1810,1825,0,Piliocolobus,Piliocolobus tephrosceles,15,310,80.82
102,TGEVGAVGPPGFAGEK,2,0,1504.7208660841,1810,1825,0,Piliocolobus,Piliocolobus tephrosceles,15,310,56.65
103,TGEVGAVGPPGFAGEK,0,0,1472.73104560375,1810,1825,0,Piliocolobus,Piliocolobus tephrosceles,15,310,47.36
104,GPRGDQGPVGR,0,0,1095.55833315849,1799,1809,1,Piliocolobus,Piliocolobus tephrosceles,10,307,51.37
105,GPRGDQGPVGR,1,0,1111.55324339867,1799,1809,1,Piliocolobus,Piliocolobus tephrosceles,10,307,11.82
106,GPRGDQGPVGR,2,0,1127.54815363884,1799,1809,1,Piliocolobus,Piliocolobus tephrosceles,10,307,10.64
107,GPRGDQGPVGR,1,1,1112.53725373745,1799,1809,1,Piliocolobus,Piliocolobus tephrosceles,10,307,1.57
108,TGPPGPSGISGPPGPPGPAGKEGLR,4,0,2301.14019858837,1774,1798,1,Piliocolobus,Piliocolobus tephrosceles,24,303,27.82
109,TGPPGPSGISGPPGPPGPAGKEGLR,5,0,2317.13510882854,1774,1798,1,Piliocolobus,Piliocolobus tephrosceles,24,303,11.76
110,TGPPGPSGISGPPGPPGPAGKEGLR,3,0,2285.1452883482,1774,1798,1,Piliocolobus,Piliocolobus tephrosceles,24,303,6.52
111,TGPPGPSGISGPPGPPGPAGKEGLR,6,0,2333.13001906872,1774,1798,1,Piliocolobus,Piliocolobus tephrosceles,24,303,3.16
112,TGPPGPSGISGPPGPPGPAGK,4,0,1845.8908572197,1774,1794,0,Piliocolobus,Piliocolobus tephrosceles,20,302,76.72
113,TGPPGPSGISGPPGPPGPAGK,3,0,1829.89594697952,1774,1794,0,Piliocolobus,Piliocolobus tephrosceles,20,302,69.82
114,TGPPGPSGISGPPGPPGPAGK,5,0,1861.88576745987,1774,1794,0,Piliocolobus,Piliocolobus tephrosceles,20,302,13.86
115,TGPPGPSGISGPPGPPGPAGK,8,0,1909.87049818039,1774,1794,0,Piliocolobus,Piliocolobus tephrosceles,20,302,0.2
116,GDGGPPGMTGFPGAAGR,2,0,1533.66808605194,1757,1773,0,Piliocolobus,Piliocolobus tephrosceles,16,301,90.0
117,GDGGPPGMTGFPGAAGR,1,0,1517.67317581177,1757,1773,0,Piliocolobus,Piliocolobus tephrosceles,16,301,86.43
118,GDGGPPGMTGFPGAAGR,3,0,1549.66299629211,1757,1773,0,Piliocolobus,Piliocolobus tephrosceles,16,301,75.95
119,GDGGPPGMTGFPGAAGR,4,0,1565.65790653229,1757,1773,0,Piliocolobus,Piliocolobus tephrosceles,16,301,51.6
120,GDGGPPGMTGFPGAAGR,0,0,1501.67826557159,1757,1773,0,Piliocolobus,Piliocolobus tephrosceles,16,301,0.88
121,GENGVVGPSGPVGAAGPSGPNGPPGPAGSR,1,2,2571.20023977757,1727,1756,0,Piliocolobus,Piliocolobus tephrosceles,29,300,105.58
122,GENGVVGPSGPVGAAGPSGPNGPPGPAGSR,1,1,2570.21622943878,1727,1756,0,Piliocolobus,Piliocolobus tephrosceles,29,300,82.17
123,GENGVVGPSGPVGAAGPSGPNGPPGPAGSR,1,0,2569.2322191,1727,1756,0,Piliocolobus,Piliocolobus tephrosceles,29,300,73.53
124,GENGVVGPSGPVGAAGPSGPNGPPGPAGSR,0,0,2553.23730885983,1727,1756,0,Piliocolobus,Piliocolobus tephrosceles,29,300,30.36
125,GENGVVGPSGPVGAAGPSGPNGPPGPAGSR,3,0,2601.22203958035,1727,1756,0,Piliocolobus,Piliocolobus tephrosceles,29,300,2.47
126,GPKGENGVVGPSGPVGAAGPSGPNGPPGPAGSR,2,0,2867.39640009403,1724,1756,1,Piliocolobus,Piliocolobus tephrosceles,32,299,81.31
127,GPKGENGVVGPSGPVGAAGPSGPNGPPGPAGSR,2,2,2869.3644207716,1724,1756,1,Piliocolobus,Piliocolobus tephrosceles,32,299,79.77
128,GPKGENGVVGPSGPVGAAGPSGPNGPPGPAGSR,2,1,2868.38041043282,1724,1756,1,Piliocolobus,Piliocolobus tephrosceles,32,299,77.11
129,GPKGENGVVGPSGPVGAAGPSGPNGPPGPAGSR,1,1,2852.38550019264,1724,1756,1,Piliocolobus,Piliocolobus tephrosceles,32,299,76.0
130,GPKGENGVVGPSGPVGAAGPSGPNGPPGPAGSR,1,2,2853.36951053143,1724,1756,1,Piliocolobus,Piliocolobus tephrosceles,32,299,71.46
131,GPKGENGVVGPSGPVGAAGPSGPNGPPGPAGSR,3,2,2885.35933101177,1724,1756,1,Piliocolobus,Piliocolobus tephrosceles,32,299,43.95
132,GPKGENGVVGPSGPVGAAGPSGPNGPPGPAGSR,1,0,2851.40148985386,1724,1756,1,Piliocolobus,Piliocolobus tephrosceles,32,299,14.13
133,GPKGENGVVGPSGPVGAAGPSGPNGPPGPAGSR,0,1,2836.39058995247,1724,1756,1,Piliocolobus,Piliocolobus tephrosceles,32,299,8.46
134,GEVGPAGPNGFAGPAGAAGQPGAKGER,2,1,2410.13139867783,1694,1720,1,Piliocolobus,Piliocolobus tephrosceles,26,295,91.46
135,GEVGPAGPNGFAGPAGAAGQPGAKGER,3,2,2427.11031925678,1694,1720,1,Piliocolobus,Piliocolobus tephrosceles,26,295,60.6
136,GEVGPAGPNGFAGPAGAAGQPGAKGER,2,2,2411.11540901661,1694,1720,1,Piliocolobus,Piliocolobus tephrosceles,26,295,54.36
137,GEVGPAGPNGFAGPAGAAGQPGAKGER,1,1,2394.13648843765,1694,1720,1,Piliocolobus,Piliocolobus tephrosceles,26,295,46.37
138,GEVGPAGPNGFAGPAGAAGQPGAKGER,2,0,2409.14738833904,1694,1720,1,Piliocolobus,Piliocolobus tephrosceles,26,295,43.92
139,GEVGPAGPNGFAGPAGAAGQPGAKGER,3,1,2426.126308918,1694,1720,1,Piliocolobus,Piliocolobus tephrosceles,26,295,39.08
140,GEVGPAGPNGFAGPAGAAGQPGAKGER,1,0,2393.15247809887,1694,1720,1,Piliocolobus,Piliocolobus tephrosceles,26,295,32.4
141,GEVGPAGPNGFAGPAGAAGQPGAKGER,3,0,2425.14229857922,1694,1720,1,Piliocolobus,Piliocolobus tephrosceles,26,295,7.63
142,GEVGPAGPNGFAGPAGAAGQPGAKGER,0,1,2378.14157819748,1694,1720,1,Piliocolobus,Piliocolobus tephrosceles,26,295,4.57
143,GEVGPAGPNGFAGPAGAAGQPGAK,1,1,2051.9712574482,1694,1717,0,Piliocolobus,Piliocolobus tephrosceles,23,294,88.39
144,GEVGPAGPNGFAGPAGAAGQPGAK,0,1,2035.97634720802,1694,1717,0,Piliocolobus,Piliocolobus tephrosceles,23,294,87.76
145,GEVGPAGPNGFAGPAGAAGQPGAK,2,0,2066.98215734959,1694,1717,0,Piliocolobus,Piliocolobus tephrosceles,23,294,82.34
146,GEVGPAGPNGFAGPAGAAGQPGAK,1,2,2052.95526778698,1694,1717,0,Piliocolobus,Piliocolobus tephrosceles,23,294,80.91
147,GEVGPAGPNGFAGPAGAAGQPGAK,0,0,2034.99233686924,1694,1717,0,Piliocolobus,Piliocolobus tephrosceles,23,294,73.24
148,GEVGPAGPNGFAGPAGAAGQPGAK,2,1,2067.96616768837,1694,1717,0,Piliocolobus,Piliocolobus tephrosceles,23,294,72.48
149,GEVGPAGPNGFAGPAGAAGQPGAK,2,2,2068.95017802715,1694,1717,0,Piliocolobus,Piliocolobus tephrosceles,23,294,70.34
150,GEVGPAGPNGFAGPAGAAGQPGAK,1,0,2050.98724710941,1694,1717,0,Piliocolobus,Piliocolobus tephrosceles,23,294,66.87
151,GEVGPAGPNGFAGPAGAAGQPGAK,0,2,2036.96035754681,1694,1717,0,Piliocolobus,Piliocolobus tephrosceles,23,294,47.91
152,GEVGPAGPNGFAGPAGAAGQPGAK,3,0,2082.97706758976,1694,1717,0,Piliocolobus,Piliocolobus tephrosceles,23,294,0.86
153,GEVGPAGPNGFAGPAGAAGQPGAK,5,1,2115.95089840889,1694,1717,0,Piliocolobus,Piliocolobus tephrosceles,23,294,0.55
154,GSPGERGEVGPAGPNGFAGPAGAAGQPGAK,4,0,2682.24350976944,1688,1717,1,Piliocolobus,Piliocolobus tephrosceles,29,292,78.58
155,GSPGERGEVGPAGPNGFAGPAGAAGQPGAK,2,0,2650.25368928909,1688,1717,1,Piliocolobus,Piliocolobus tephrosceles,29,292,60.01
156,GSPGERGEVGPAGPNGFAGPAGAAGQPGAK,2,1,2651.23769962788,1688,1717,1,Piliocolobus,Piliocolobus tephrosceles,29,292,59.56
157,GSPGERGEVGPAGPNGFAGPAGAAGQPGAK,3,0,2666.24859952927,1688,1717,1,Piliocolobus,Piliocolobus tephrosceles,29,292,32.28
158,GEAGAAGPAGPAGPRGSPGER,1,0,1834.87214624882,1673,1693,1,Piliocolobus,Piliocolobus tephrosceles,20,291,10.48
159,GEAGAAGPAGPAGPRGSPGER,2,0,1850.86705648899,1673,1693,1,Piliocolobus,Piliocolobus tephrosceles,20,291,3.52
160,GEAGAAGPAGPAGPR,0,0,1235.60570406914,1673,1687,0,Piliocolobus,Piliocolobus tephrosceles,14,290,76.52
161,GEAGAAGPAGPAGPR,1,0,1251.60061430931,1673,1687,0,Piliocolobus,Piliocolobus tephrosceles,14,290,54.84
162,GEAGAAGPAGPAGPR,2,0,1267.59552454948,1673,1687,0,Piliocolobus,Piliocolobus tephrosceles,14,290,12.5
163,GAPGAVGAPGPAGATGDRGEAGAAGPAGPAGPR,2,0,2727.3126193285,1655,1687,1,Piliocolobus,Piliocolobus tephrosceles,32,289,73.55
164,GAPGAVGAPGPAGATGDRGEAGAAGPAGPAGPR,3,0,2743.30752956867,1655,1687,1,Piliocolobus,Piliocolobus tephrosceles,32,289,35.25
165,GAPGAVGAPGPAGATGDRGEAGAAGPAGPAGPR,4,0,2759.30243980885,1655,1687,1,Piliocolobus,Piliocolobus tephrosceles,32,289,27.97
166,GAPGAVGAPGPAGATGDRGEAGAAGPAGPAGPR,1,0,2711.31770908833,1655,1687,1,Piliocolobus,Piliocolobus tephrosceles,32,289,9.41
167,GAPGAVGAPGPAGATGDR,2,0,1510.71748554707,1655,1672,0,Piliocolobus,Piliocolobus tephrosceles,17,288,79.68
168,GAPGAVGAPGPAGATGDR,3,0,1526.71239578724,1655,1672,0,Piliocolobus,Piliocolobus tephrosceles,17,288,68.54
169,GEIGNPGRDGAR,1,0,1214.58019411564,1643,1654,1,Piliocolobus,Piliocolobus tephrosceles,11,286,19.96
170,GEIGNPGRDGAR,1,1,1215.56420445442,1643,1654,1,Piliocolobus,Piliocolobus tephrosceles,11,286,17.3
171,GEIGNPGRDGAR,0,0,1198.58528387547,1643,1654,1,Piliocolobus,Piliocolobus tephrosceles,11,286,14.59
172,GEPGLRGEIGNPGR,0,0,1408.72218453884,1637,1650,1,Piliocolobus,Piliocolobus tephrosceles,13,283,38.01
173,GEPGLRGEIGNPGR,1,0,1424.71709477901,1637,1650,1,Piliocolobus,Piliocolobus tephrosceles,13,283,36.22
174,GEPGLRGEIGNPGR,1,1,1425.7011051178,1637,1650,1,Piliocolobus,Piliocolobus tephrosceles,13,283,21.33
175,GEPGLRGEIGNPGR,0,1,1409.70619487762,1637,1650,1,Piliocolobus,Piliocolobus tephrosceles,13,283,12.7
176,GEKGEPGLR,1,0,958.488173604012,1634,1642,1,Piliocolobus,Piliocolobus tephrosceles,8,282,31.81
177,GAAGIPGGKGEK,1,0,1057.5566239357,1625,1636,1,Piliocolobus,Piliocolobus tephrosceles,11,279,31.79
178,GAAGIPGGKGEK,3,0,1089.54644441605,1625,1636,1,Piliocolobus,Piliocolobus tephrosceles,11,279,21.13
179,GAAGIPGGKGEK,2,0,1073.55153417587,1625,1636,1,Piliocolobus,Piliocolobus tephrosceles,11,279,17.47
180,GEPGVVGAAGTAGPSGPSGLPGER,2,0,2109.0138682127,1601,1624,0,Piliocolobus,Piliocolobus tephrosceles,23,277,74.77
181,GEPGVVGAAGTAGPSGPSGLPGER,1,0,2093.01895797253,1601,1624,0,Piliocolobus,Piliocolobus tephrosceles,23,277,61.25
182,GEPGVVGAAGTAGPSGPSGLPGER,3,0,2125.00877845287,1601,1624,0,Piliocolobus,Piliocolobus tephrosceles,23,277,55.87
183,GEPGVVGAAGTAGPSGPSGLPGER,4,0,2141.00368869305,1601,1624,0,Piliocolobus,Piliocolobus tephrosceles,23,277,5.97
184,GPSGPPGPDGNK,1,0,1095.49946427345,1589,1600,0,Piliocolobus,Piliocolobus tephrosceles,11,275,40.89
185,GPSGPPGPDGNK,0,0,1079.50455403328,1589,1600,0,Piliocolobus,Piliocolobus tephrosceles,11,275,26.63
186,GPSGPPGPDGNKGEPGVVGAAGTAGPSGPSGLPGER,3,0,3185.50276219845,1589,1624,1,Piliocolobus,Piliocolobus tephrosceles,35,274,85.83
187,GPSGPPGPDGNKGEPGVVGAAGTAGPSGPSGLPGER,2,0,3169.50785195827,1589,1624,1,Piliocolobus,Piliocolobus tephrosceles,35,274,56.7
188,GPSGPPGPDGNKGEPGVVGAAGTAGPSGPSGLPGER,4,1,3202.4816827774,1589,1624,1,Piliocolobus,Piliocolobus tephrosceles,35,274,53.71
189,GPSGPPGPDGNKGEPGVVGAAGTAGPSGPSGLPGER,4,0,3201.49767243862,1589,1624,1,Piliocolobus,Piliocolobus tephrosceles,35,274,43.62
190,GPSGPPGPDGNKGEPGVVGAAGTAGPSGPSGLPGER,3,1,3186.48677253723,1589,1624,1,Piliocolobus,Piliocolobus tephrosceles,35,274,30.96
191,GPSGPPGPDGNKGEPGVVGAAGTAGPSGPSGLPGER,5,0,3217.49258267879,1589,1624,1,Piliocolobus,Piliocolobus tephrosceles,35,274,21.91
192,GPSGPPGPDGNKGEPGVVGAAGTAGPSGPSGLPGER,2,1,3170.49186229706,1589,1624,1,Piliocolobus,Piliocolobus tephrosceles,35,274,1.58
193,GPSGPPGPDGNKGEPGVVGAAGTAGPSGPSGLPGER,6,0,3233.48749291897,1589,1624,1,Piliocolobus,Piliocolobus tephrosceles,35,274,0.33
194,GPPGESGAAGPTGPIGSRGPSGPPGPDGNK,2,0,2657.24826991558,1571,1600,1,Piliocolobus,Piliocolobus tephrosceles,29,273,3.23
195,GPPGESGAAGPTGPIGSRGPSGPPGPDGNK,1,0,2641.25335967541,1571,1600,1,Piliocolobus,Piliocolobus tephrosceles,29,273,2.07
196,GPPGESGAAGPTGPIGSRGPSGPPGPDGNK,5,0,2705.2330006361,1571,1600,1,Piliocolobus,Piliocolobus tephrosceles,29,273,0.96
197,GPPGESGAAGPTGPIGSR,1,0,1580.75937592983,1571,1588,0,Piliocolobus,Piliocolobus tephrosceles,17,272,92.22
198,GPPGESGAAGPTGPIGSR,2,0,1596.75428617001,1571,1588,0,Piliocolobus,Piliocolobus tephrosceles,17,272,45.45
199,GPPGESGAAGPTGPIGSR,0,0,1564.76446568966,1571,1588,0,Piliocolobus,Piliocolobus tephrosceles,17,272,28.01
200,GERGPPGESGAAGPTGPIGSR,1,0,1922.92460691929,1568,1588,1,Piliocolobus,Piliocolobus tephrosceles,20,271,84.29
201,GERGPPGESGAAGPTGPIGSR,2,0,1938.91951715946,1568,1588,1,Piliocolobus,Piliocolobus tephrosceles,20,271,28.98
202,GERGPPGESGAAGPTGPIGSR,0,0,1906.92969667912,1568,1588,1,Piliocolobus,Piliocolobus tephrosceles,20,271,23.75
203,GLHGEFGLPGPAGARGER,2,0,1809.89217567444,1553,1570,1,Piliocolobus,Piliocolobus tephrosceles,17,270,41.63
204,GLHGEFGLPGPAGARGER,1,0,1793.89726543427,1553,1570,1,Piliocolobus,Piliocolobus tephrosceles,17,270,31.05
205,GLHGEFGLPGPAGAR,2,0,1467.72694468498,1553,1567,0,Piliocolobus,Piliocolobus tephrosceles,14,269,74.83
206,GLHGEFGLPGPAGAR,1,0,1451.73203444481,1553,1567,0,Piliocolobus,Piliocolobus tephrosceles,14,269,65.55
207,GLHGEFGLPGPAGAR,0,0,1435.73712420464,1553,1567,0,Piliocolobus,Piliocolobus tephrosceles,14,269,11.49
208,GEQGPAGPPGFQGLPGPSGPAGEVGKPGER,3,1,2833.33205068111,1523,1552,0,Piliocolobus,Piliocolobus tephrosceles,29,267,62.02
209,GEQGPAGPPGFQGLPGPSGPAGEVGKPGER,3,0,2832.34804034233,1523,1552,0,Piliocolobus,Piliocolobus tephrosceles,29,267,58.32
210,GEQGPAGPPGFQGLPGPSGPAGEVGKPGER,3,2,2834.3160610199,1523,1552,0,Piliocolobus,Piliocolobus tephrosceles,29,267,26.26
211,GEQGPAGPPGFQGLPGPSGPAGEVGKPGER,2,0,2816.35313010216,1523,1552,0,Piliocolobus,Piliocolobus tephrosceles,29,267,5.94
212,GEQGPAGPPGFQGLPGPSGPAGEVGKPGER,1,1,2801.34223020077,1523,1552,0,Piliocolobus,Piliocolobus tephrosceles,29,267,4.92
213,GEQGPAGPPGFQGLPGPSGPAGEVGKPGER,2,1,2817.33714044094,1523,1552,0,Piliocolobus,Piliocolobus tephrosceles,29,267,3.43
214,GEQGPAGPPGFQGLPGPSGPAGEVGKPGER,7,1,2897.31169164181,1523,1552,0,Piliocolobus,Piliocolobus tephrosceles,29,267,1.98
215,GAPGPDGNNGAQGPPGPQGVQGGK,2,0,2145.98392772675,1499,1522,0,Piliocolobus,Piliocolobus tephrosceles,23,266,88.44
216,GAPGPDGNNGAQGPPGPQGVQGGK,2,2,2147.95194840431,1499,1522,0,Piliocolobus,Piliocolobus tephrosceles,23,266,74.14
217,GAPGPDGNNGAQGPPGPQGVQGGK,2,1,2146.96793806553,1499,1522,0,Piliocolobus,Piliocolobus tephrosceles,23,266,71.53
218,GAPGPDGNNGAQGPPGPQGVQGGK,3,0,2161.97883796692,1499,1522,0,Piliocolobus,Piliocolobus tephrosceles,23,266,34.36
219,GAPGPDGNNGAQGPPGPQGVQGGK,3,1,2162.9628483057,1499,1522,0,Piliocolobus,Piliocolobus tephrosceles,23,266,28.18
220,GAPGPDGNNGAQGPPGPQGVQGGK,3,2,2163.94685864449,1499,1522,0,Piliocolobus,Piliocolobus tephrosceles,23,266,2.4
221,GHAGLAGAR,0,0,809.430562019348,1490,1498,0,Piliocolobus,Piliocolobus tephrosceles,8,265,36.32
222,NGDKGHAGLAGAR,0,1,1224.600943923,1486,1498,1,Piliocolobus,Piliocolobus tephrosceles,12,263,55.8
223,NGDKGHAGLAGAR,1,0,1239.61184382439,1486,1498,1,Piliocolobus,Piliocolobus tephrosceles,12,263,51.75
224,NGDKGHAGLAGAR,0,0,1223.61693358421,1486,1498,1,Piliocolobus,Piliocolobus tephrosceles,12,263,29.51
225,GPTGDPGKNGDK,2,0,1174.52641499043,1478,1489,1,Piliocolobus,Piliocolobus tephrosceles,11,261,34.11
226,GPTGDPGKNGDK,1,0,1158.53150475025,1478,1489,1,Piliocolobus,Piliocolobus tephrosceles,11,261,31.28
227,GPTGDPGKNGDK,0,0,1142.53659451008,1478,1489,1,Piliocolobus,Piliocolobus tephrosceles,11,261,19.03
228,GEPGNIGFPGPKGPTGDPGK,4,0,1942.90723764896,1466,1485,1,Piliocolobus,Piliocolobus tephrosceles,19,258,16.46
229,GEPGNIGFPGPKGPTGDPGK,3,0,1926.91232740879,1466,1485,1,Piliocolobus,Piliocolobus tephrosceles,19,258,6.85
230,GEPGNIGFPGPKGPTGDPGK,2,0,1910.91741716862,1466,1485,1,Piliocolobus,Piliocolobus tephrosceles,19,258,1.01
231,GEPGNIGFPGPK,1,0,1185.58285427094,1466,1477,0,Piliocolobus,Piliocolobus tephrosceles,11,257,73.09
232,GEPGNIGFPGPK,2,0,1201.57776451111,1466,1477,0,Piliocolobus,Piliocolobus tephrosceles,11,257,72.34
233,GEPGNIGFPGPK,1,1,1186.56686460972,1466,1477,0,Piliocolobus,Piliocolobus tephrosceles,11,257,64.42
234,GEPGNIGFPGPK,2,1,1202.56177484989,1466,1477,0,Piliocolobus,Piliocolobus tephrosceles,11,257,59.48
235,GEPGNIGFPGPK,3,0,1217.57267475128,1466,1477,0,Piliocolobus,Piliocolobus tephrosceles,11,257,34.82
236,GEPGNIGFPGPK,0,1,1170.57195436954,1466,1477,0,Piliocolobus,Piliocolobus tephrosceles,11,257,3.93
237,EGPVGLPGIDGRPGPIGPAGARGEPGNIGFPGPK,3,1,3239.6378313303,1444,1477,1,Piliocolobus,Piliocolobus tephrosceles,33,254,1.64
238,EGPVGLPGIDGRPGPIGPAGAR,1,0,2056.08662676811,1444,1465,0,Piliocolobus,Piliocolobus tephrosceles,21,253,49.61
239,EGPVGLPGIDGRPGPIGPAGAR,2,0,2072.08153700829,1444,1465,0,Piliocolobus,Piliocolobus tephrosceles,21,253,45.4
240,EGPVGLPGIDGRPGPIGPAGAR,3,0,2088.07644724846,1444,1465,0,Piliocolobus,Piliocolobus tephrosceles,21,253,36.84
241,EGPVGLPGIDGRPGPIGPAGAR,4,0,2104.07135748863,1444,1465,0,Piliocolobus,Piliocolobus tephrosceles,21,253,22.95
242,EGPVGLPGIDGRPGPIGPAGAR,5,0,2120.06626772881,1444,1465,0,Piliocolobus,Piliocolobus tephrosceles,21,253,0.12
243,GLPGSPGNIGPAGKEGPVGLPGIDGRPGPIGPAGAR,3,1,3291.70152151585,1430,1465,1,Piliocolobus,Piliocolobus tephrosceles,35,250,25.48
244,GLPGSPGNIGPAGKEGPVGLPGIDGRPGPIGPAGAR,6,0,3338.70224189758,1430,1465,1,Piliocolobus,Piliocolobus tephrosceles,35,250,7.03
245,GLPGSPGNIGPAGK,2,0,1253.64145469666,1430,1443,0,Piliocolobus,Piliocolobus tephrosceles,13,249,87.34
246,GLPGSPGNIGPAGK,2,1,1254.62546503544,1430,1443,0,Piliocolobus,Piliocolobus tephrosceles,13,249,76.33
247,GLPGSPGNIGPAGK,3,1,1270.62037527561,1430,1443,0,Piliocolobus,Piliocolobus tephrosceles,13,249,41.69
248,GLPGSPGNIGPAGK,3,0,1269.63636493683,1430,1443,0,Piliocolobus,Piliocolobus tephrosceles,13,249,37.62
249,GLPGSPGNIGPAGK,1,1,1238.63055479527,1430,1443,0,Piliocolobus,Piliocolobus tephrosceles,13,249,6.03
250,GPNGDAGRPGEPGLMGPRGLPGSPGNIGPAGK,4,2,3003.41584169865,1412,1443,1,Piliocolobus,Piliocolobus tephrosceles,31,245,4.96
251,GPNGDAGRPGEPGLMGPR,3,1,1783.79585719109,1412,1429,0,Piliocolobus,Piliocolobus tephrosceles,17,244,46.78
252,GPNGDAGRPGEPGLMGPR,2,0,1766.81693661213,1412,1429,0,Piliocolobus,Piliocolobus tephrosceles,17,244,42.7
253,GPNGDAGRPGEPGLMGPR,4,0,1798.80675709248,1412,1429,0,Piliocolobus,Piliocolobus tephrosceles,17,244,42.4
254,GPNGDAGRPGEPGLMGPR,3,0,1782.8118468523,1412,1429,0,Piliocolobus,Piliocolobus tephrosceles,17,244,38.95
255,GPNGDAGRPGEPGLMGPR,4,1,1799.79076743126,1412,1429,0,Piliocolobus,Piliocolobus tephrosceles,17,244,38.67
256,GPNGDAGRPGEPGLMGPR,2,1,1767.80094695091,1412,1429,0,Piliocolobus,Piliocolobus tephrosceles,17,244,38.44
257,GPNGDAGRPGEPGLMGPR,1,0,1750.82202637196,1412,1429,0,Piliocolobus,Piliocolobus tephrosceles,17,244,15.18
258,GASGPAGVRGPNGDAGRPGEPGLMGPR,2,0,2519.21003878117,1403,1429,1,Piliocolobus,Piliocolobus tephrosceles,26,242,32.49
259,GASGPAGVRGPNGDAGRPGEPGLMGPR,3,1,2536.18895936012,1403,1429,1,Piliocolobus,Piliocolobus tephrosceles,26,242,27.32
260,GASGPAGVRGPNGDAGRPGEPGLMGPR,4,1,2552.1838696003,1403,1429,1,Piliocolobus,Piliocolobus tephrosceles,26,242,17.92
261,GASGPAGVRGPNGDAGRPGEPGLMGPR,2,1,2520.19404911995,1403,1429,1,Piliocolobus,Piliocolobus tephrosceles,26,242,17.45
262,GASGPAGVRGPNGDAGRPGEPGLMGPR,3,0,2535.20494902134,1403,1429,1,Piliocolobus,Piliocolobus tephrosceles,26,242,15.31
263,AGVMGPPGSRGASGPAGVR,0,0,1680.85295569897,1393,1411,1,Piliocolobus,Piliocolobus tephrosceles,18,240,45.1
264,AGVMGPPGSRGASGPAGVR,1,0,1696.84786593914,1393,1411,1,Piliocolobus,Piliocolobus tephrosceles,18,240,18.24
265,AGVMGPPGSRGASGPAGVR,2,0,1712.84277617931,1393,1411,1,Piliocolobus,Piliocolobus tephrosceles,18,240,8.2
266,AGVMGPPGSRGASGPAGVR,4,0,1744.83259665966,1393,1411,1,Piliocolobus,Piliocolobus tephrosceles,18,240,4.59
267,AGVMGPPGSRGASGPAGVR,3,0,1728.83768641949,1393,1411,1,Piliocolobus,Piliocolobus tephrosceles,18,240,4.38
268,AGVMGPPGSR,2,0,960.449674010277,1393,1402,0,Piliocolobus,Piliocolobus tephrosceles,9,239,74.19
269,AGVMGPPGSR,1,0,944.454763770103,1393,1402,0,Piliocolobus,Piliocolobus tephrosceles,9,239,55.38
270,AGVMGPPGSR,0,0,928.45985352993,1393,1402,0,Piliocolobus,Piliocolobus tephrosceles,9,239,47.82
271,AGVMGPPGSR,3,0,976.44458425045,1393,1402,0,Piliocolobus,Piliocolobus tephrosceles,9,239,34.12
272,GLPGADGRAGVMGPPGSR,1,0,1667.82130599022,1385,1402,1,Piliocolobus,Piliocolobus tephrosceles,17,238,24.34
273,GLPGADGRAGVMGPPGSR,3,0,1699.81112647057,1385,1402,1,Piliocolobus,Piliocolobus tephrosceles,17,238,12.68
274,GLPGADGRAGVMGPPGSR,2,0,1683.81621623039,1385,1402,1,Piliocolobus,Piliocolobus tephrosceles,17,238,5.82
275,GLPGADGRAGVMGPPGSR,4,0,1715.80603671074,1385,1402,1,Piliocolobus,Piliocolobus tephrosceles,17,238,4.47
276,GGPGSRGLPGADGR,2,0,1285.61732435226,1379,1392,1,Piliocolobus,Piliocolobus tephrosceles,13,236,40.43
277,GGPGSRGLPGADGR,0,0,1253.62750387192,1379,1392,1,Piliocolobus,Piliocolobus tephrosceles,13,236,9.78
278,GPNGEAGSAGPPGPPGLRGGPGSR,2,0,2131.02066719532,1361,1384,1,Piliocolobus,Piliocolobus tephrosceles,23,233,38.53
279,GPNGEAGSAGPPGPPGLRGGPGSR,3,0,2147.01557743549,1361,1384,1,Piliocolobus,Piliocolobus tephrosceles,23,233,28.37
280,GPNGEAGSAGPPGPPGLRGGPGSR,3,1,2147.99958777428,1361,1384,1,Piliocolobus,Piliocolobus tephrosceles,23,233,16.94
281,GPNGEAGSAGPPGPPGLRGGPGSR,2,1,2132.0046775341,1361,1384,1,Piliocolobus,Piliocolobus tephrosceles,23,233,12.11
282,GPNGEAGSAGPPGPPGLR,1,0,1603.77536559105,1361,1378,0,Piliocolobus,Piliocolobus tephrosceles,17,232,85.98
283,GPNGEAGSAGPPGPPGLR,1,1,1604.75937592983,1361,1378,0,Piliocolobus,Piliocolobus tephrosceles,17,232,76.02
284,GPNGEAGSAGPPGPPGLR,2,0,1619.77027583122,1361,1378,0,Piliocolobus,Piliocolobus tephrosceles,17,232,74.36
285,GPNGEAGSAGPPGPPGLR,3,0,1635.7651860714,1361,1378,0,Piliocolobus,Piliocolobus tephrosceles,17,232,55.2
286,RGPNGEAGSAGPPGPPGLR,1,0,1759.87651562691,1360,1378,1,Piliocolobus,Piliocolobus tephrosceles,18,231,69.79
287,RGPNGEAGSAGPPGPPGLR,2,0,1775.87142586708,1360,1378,1,Piliocolobus,Piliocolobus tephrosceles,18,231,51.53
288,RGPNGEAGSAGPPGPPGLR,1,1,1760.86052596569,1360,1378,1,Piliocolobus,Piliocolobus tephrosceles,18,231,41.21
289,RGPNGEAGSAGPPGPPGLR,2,1,1776.85543620586,1360,1378,1,Piliocolobus,Piliocolobus tephrosceles,18,231,19.33
290,GEPGSAGPQGPPGPSGEEGKR,2,0,1979.89843773842,1340,1360,1,Piliocolobus,Piliocolobus tephrosceles,20,229,50.48
291,GEPGSAGPQGPPGPSGEEGKR,3,0,1995.89334797859,1340,1360,1,Piliocolobus,Piliocolobus tephrosceles,20,229,17.91
292,GEPGSAGPQGPPGPSGEEGKR,1,0,1963.90352749825,1340,1360,1,Piliocolobus,Piliocolobus tephrosceles,20,229,16.68
293,GEPGSAGPQGPPGPSGEEGKR,2,1,1980.8824480772,1340,1360,1,Piliocolobus,Piliocolobus tephrosceles,20,229,7.5
294,GEPGSAGPQGPPGPSGEEGK,2,0,1823.79728770256,1340,1359,0,Piliocolobus,Piliocolobus tephrosceles,19,228,77.95
295,GEPGSAGPQGPPGPSGEEGK,2,1,1824.78129804134,1340,1359,0,Piliocolobus,Piliocolobus tephrosceles,19,228,41.31
296,GEPGSAGPQGPPGPSGEEGK,1,0,1807.80237746239,1340,1359,0,Piliocolobus,Piliocolobus tephrosceles,19,228,30.25
297,GEPGSAGPQGPPGPSGEEGK,3,0,1839.79219794273,1340,1359,0,Piliocolobus,Piliocolobus tephrosceles,19,228,18.8
298,GESGNKGEPGSAGPQGPPGPSGEEGK,3,0,2412.04774022102,1334,1359,1,Piliocolobus,Piliocolobus tephrosceles,25,226,56.51
299,GESGNKGEPGSAGPQGPPGPSGEEGK,2,0,2396.05282998085,1334,1359,1,Piliocolobus,Piliocolobus tephrosceles,25,226,43.33
300,GESGNKGEPGSAGPQGPPGPSGEEGK,1,0,2380.05791974068,1334,1359,1,Piliocolobus,Piliocolobus tephrosceles,25,226,28.15
301,GESGNKGEPGSAGPQGPPGPSGEEGK,1,1,2381.04193007946,1334,1359,1,Piliocolobus,Piliocolobus tephrosceles,25,226,26.06
302,GESGNKGEPGSAGPQGPPGPSGEEGK,2,1,2397.03684031963,1334,1359,1,Piliocolobus,Piliocolobus tephrosceles,25,226,24.13
303,GLVGEPGPAGSKGESGNK,2,0,1672.80674684048,1322,1339,1,Piliocolobus,Piliocolobus tephrosceles,17,224,55.56
304,GLVGEPGPAGSKGESGNK,1,0,1656.8118366003,1322,1339,1,Piliocolobus,Piliocolobus tephrosceles,17,224,12.77
305,GLVGEPGPAGSKGESGNK,3,0,1688.80165708065,1322,1339,1,Piliocolobus,Piliocolobus tephrosceles,17,224,6.09
306,GLVGEPGPAGSKGESGNK,0,1,1641.80093669891,1322,1339,1,Piliocolobus,Piliocolobus tephrosceles,17,224,0.21
307,GLVGEPGPAGSK,1,0,1084.55629432201,1322,1333,0,Piliocolobus,Piliocolobus tephrosceles,11,223,64.88
308,GLVGEPGPAGSK,2,0,1100.55120456219,1322,1333,0,Piliocolobus,Piliocolobus tephrosceles,11,223,46.18
309,GIPGPVGAAGATGAR,1,0,1267.66834425926,1307,1321,0,Piliocolobus,Piliocolobus tephrosceles,14,222,79.72
310,GIPGPVGAAGATGAR,2,0,1283.66325449944,1307,1321,0,Piliocolobus,Piliocolobus tephrosceles,14,222,77.96
311,GAAGLPGVAGAPGLPGPRGIPGPVGAAGATGAR,5,0,2827.47430956364,1289,1321,1,Piliocolobus,Piliocolobus tephrosceles,32,221,21.56
312,GAAGLPGVAGAPGLPGPRGIPGPVGAAGATGAR,4,0,2811.47939932346,1289,1321,1,Piliocolobus,Piliocolobus tephrosceles,32,221,13.67
313,GAAGLPGVAGAPGLPGPR,3,0,1562.82162535191,1289,1306,0,Piliocolobus,Piliocolobus tephrosceles,17,220,84.12
314,GEVGLPGLSGPVGPPGNPGANGLTGAK,4,1,2435.19813978672,1262,1288,0,Piliocolobus,Piliocolobus tephrosceles,26,218,74.15
315,GEVGLPGLSGPVGPPGNPGANGLTGAK,4,0,2434.21412944794,1262,1288,0,Piliocolobus,Piliocolobus tephrosceles,26,218,70.21
316,GEVGLPGLSGPVGPPGNPGANGLTGAK,3,0,2418.21921920776,1262,1288,0,Piliocolobus,Piliocolobus tephrosceles,26,218,60.38
317,GEVGLPGLSGPVGPPGNPGANGLTGAK,4,2,2436.1821501255,1262,1288,0,Piliocolobus,Piliocolobus tephrosceles,26,218,55.68
318,GEVGLPGLSGPVGPPGNPGANGLTGAK,3,1,2419.20322954655,1262,1288,0,Piliocolobus,Piliocolobus tephrosceles,26,218,54.45
319,GEVGLPGLSGPVGPPGNPGANGLTGAK,5,1,2451.19305002689,1262,1288,0,Piliocolobus,Piliocolobus tephrosceles,26,218,49.72
320,GEVGLPGLSGPVGPPGNPGANGLTGAK,5,0,2450.20903968811,1262,1288,0,Piliocolobus,Piliocolobus tephrosceles,26,218,38.71
321,GEVGLPGLSGPVGPPGNPGANGLTGAK,2,1,2403.20831930637,1262,1288,0,Piliocolobus,Piliocolobus tephrosceles,26,218,13.97
322,GEVGLPGLSGPVGPPGNPGANGLTGAK,1,2,2388.19741940498,1262,1288,0,Piliocolobus,Piliocolobus tephrosceles,26,218,0.85
323,GEIGAVGNAGPAGPAGPR,1,1,1564.76446568966,1244,1261,0,Piliocolobus,Piliocolobus tephrosceles,17,216,86.24
324,GEIGAVGNAGPAGPAGPR,1,0,1563.78045535088,1244,1261,0,Piliocolobus,Piliocolobus tephrosceles,17,216,78.28
325,GEIGAVGNAGPAGPAGPR,0,0,1547.7855451107,1244,1261,0,Piliocolobus,Piliocolobus tephrosceles,17,216,77.77
326,GEIGAVGNAGPAGPAGPR,2,0,1579.77536559105,1244,1261,0,Piliocolobus,Piliocolobus tephrosceles,17,216,70.39
327,GEIGAVGNAGPAGPAGPR,0,1,1548.76955544949,1244,1261,0,Piliocolobus,Piliocolobus tephrosceles,17,216,68.04
328,GEIGAVGNAGPAGPAGPR,2,1,1580.75937592983,1244,1261,0,Piliocolobus,Piliocolobus tephrosceles,17,216,4.26
329,GSDGSVGPVGPAGPIGSAGPPGFPGAPGPK,3,0,2589.25125968456,1214,1243,0,Piliocolobus,Piliocolobus tephrosceles,29,215,111.55
330,GSDGSVGPVGPAGPIGSAGPPGFPGAPGPK,2,0,2573.25634944439,1214,1243,0,Piliocolobus,Piliocolobus tephrosceles,29,215,97.83
331,GSDGSVGPVGPAGPIGSAGPPGFPGAPGPK,4,0,2605.24616992474,1214,1243,0,Piliocolobus,Piliocolobus tephrosceles,29,215,53.17
332,VGAPGPAGARGSDGSVGPVGPAGPIGSAGPPGFPGAPGPK,4,0,3438.69715213776,1204,1243,1,Piliocolobus,Piliocolobus tephrosceles,39,214,41.22
333,VGAPGPAGARGSDGSVGPVGPAGPIGSAGPPGFPGAPGPK,2,0,3406.70733165741,1204,1243,1,Piliocolobus,Piliocolobus tephrosceles,39,214,28.19
334,VGAPGPAGARGSDGSVGPVGPAGPIGSAGPPGFPGAPGPK,3,0,3422.70224189758,1204,1243,1,Piliocolobus,Piliocolobus tephrosceles,39,214,20.8
335,GRVGAPGPAGAR,1,0,1081.57908296585,1202,1213,1,Piliocolobus,Piliocolobus tephrosceles,11,213,66.0
336,GRVGAPGPAGAR,0,0,1065.58417272568,1202,1213,1,Piliocolobus,Piliocolobus tephrosceles,11,213,4.97
337,VGAPGPAGAR,1,0,868.456462740898,1204,1213,0,Piliocolobus,Piliocolobus tephrosceles,9,212,65.19
338,VGAPGPAGAR,2,0,884.451372981071,1204,1213,0,Piliocolobus,Piliocolobus tephrosceles,9,212,13.99
339,GEPGAPGENGTPGQTGARGLPGER,3,2,2312.03168940544,1178,1201,1,Piliocolobus,Piliocolobus tephrosceles,23,210,6.23
340,GEPGAPGENGTPGQTGARGLPGER,3,0,2310.06366872787,1178,1201,1,Piliocolobus,Piliocolobus tephrosceles,23,210,2.55
341,GEPGAPGENGTPGQTGAR,3,0,1700.74006688595,1178,1195,0,Piliocolobus,Piliocolobus tephrosceles,17,209,75.72
342,GEPGAPGENGTPGQTGAR,3,1,1701.72407722473,1178,1195,0,Piliocolobus,Piliocolobus tephrosceles,17,209,62.88
343,GEPGAPGENGTPGQTGAR,3,2,1702.70808756351,1178,1195,0,Piliocolobus,Piliocolobus tephrosceles,17,209,59.27
344,GEPGAPGENGTPGQTGAR,2,1,1685.72916698456,1178,1195,0,Piliocolobus,Piliocolobus tephrosceles,17,209,40.73
345,GEPGAPGENGTPGQTGAR,2,2,1686.71317732334,1178,1195,0,Piliocolobus,Piliocolobus tephrosceles,17,209,23.68
346,GQPGAPGVKGEPGAPGENGTPGQTGAR,5,1,2525.14308011532,1169,1195,1,Piliocolobus,Piliocolobus tephrosceles,26,207,48.41
347,GQPGAPGVKGEPGAPGENGTPGQTGAR,6,0,2540.15398001671,1169,1195,1,Piliocolobus,Piliocolobus tephrosceles,26,207,43.6
348,GQPGAPGVKGEPGAPGENGTPGQTGAR,6,1,2541.13799035549,1169,1195,1,Piliocolobus,Piliocolobus tephrosceles,26,207,35.05
349,GQPGAPGVKGEPGAPGENGTPGQTGAR,5,0,2524.15906977654,1169,1195,1,Piliocolobus,Piliocolobus tephrosceles,26,207,29.51
350,GQPGAPGVKGEPGAPGENGTPGQTGAR,4,0,2508.16415953636,1169,1195,1,Piliocolobus,Piliocolobus tephrosceles,26,207,27.62
351,GQPGAPGVKGEPGAPGENGTPGQTGAR,6,2,2542.12200069427,1169,1195,1,Piliocolobus,Piliocolobus tephrosceles,26,207,14.87
352,GQPGAPGVKGEPGAPGENGTPGQTGAR,2,2,2478.14235973358,1169,1195,1,Piliocolobus,Piliocolobus tephrosceles,26,207,7.9
353,GQPGAPGVKGEPGAPGENGTPGQTGAR,3,0,2492.16924929619,1169,1195,1,Piliocolobus,Piliocolobus tephrosceles,26,207,0.29
354,GHNGLDGLKGQPGAPGVK,3,0,1749.88094615936,1160,1177,1,Piliocolobus,Piliocolobus tephrosceles,17,205,34.92
355,GHNGLDGLKGQPGAPGVK,2,1,1734.87004625797,1160,1177,1,Piliocolobus,Piliocolobus tephrosceles,17,205,28.84
356,GHNGLDGLKGQPGAPGVK,1,1,1718.8751360178,1160,1177,1,Piliocolobus,Piliocolobus tephrosceles,17,205,24.88
357,GHNGLDGLKGQPGAPGVK,2,0,1733.88603591919,1160,1177,1,Piliocolobus,Piliocolobus tephrosceles,17,205,24.21
358,GHNGLDGLKGQPGAPGVK,3,1,1750.86495649815,1160,1177,1,Piliocolobus,Piliocolobus tephrosceles,17,205,23.96
359,GHNGLDGLKGQPGAPGVK,4,1,1766.85986673832,1160,1177,1,Piliocolobus,Piliocolobus tephrosceles,17,205,20.16
360,GHNGLDGLKGQPGAPGVK,3,2,1751.84896683693,1160,1177,1,Piliocolobus,Piliocolobus tephrosceles,17,205,17.73
361,GHNGLDGLKGQPGAPGVK,4,0,1765.87585639954,1160,1177,1,Piliocolobus,Piliocolobus tephrosceles,17,205,16.28
362,GHNGLDGLKGQPGAPGVK,2,2,1735.85405659676,1160,1177,1,Piliocolobus,Piliocolobus tephrosceles,17,205,13.3
363,GHNGLDGLK,0,0,910.467033028603,1160,1168,0,Piliocolobus,Piliocolobus tephrosceles,8,204,35.13
364,GHNGLDGLK,1,1,927.445953607559,1160,1168,0,Piliocolobus,Piliocolobus tephrosceles,8,204,34.83
365,GHNGLDGLK,0,1,911.451043367386,1160,1168,0,Piliocolobus,Piliocolobus tephrosceles,8,204,31.09
366,GHNGLDGLK,1,0,926.461943268776,1160,1168,0,Piliocolobus,Piliocolobus tephrosceles,8,204,29.04
367,GFPGTPGLPGFKGIR,3,0,1548.81000506878,1145,1159,1,Piliocolobus,Piliocolobus tephrosceles,14,202,53.07
368,GFPGTPGLPGFKGIR,4,0,1564.80491530895,1145,1159,1,Piliocolobus,Piliocolobus tephrosceles,14,202,49.78
369,GFPGTPGLPGFKGIR,2,0,1532.81509482861,1145,1159,1,Piliocolobus,Piliocolobus tephrosceles,14,202,16.51
370,GFPGTPGLPGFK,4,0,1238.59818470478,1145,1156,0,Piliocolobus,Piliocolobus tephrosceles,11,201,62.8
371,GFPGTPGLPGFK,3,0,1222.60327446461,1145,1156,0,Piliocolobus,Piliocolobus tephrosceles,11,201,48.02
372,GFPGTPGLPGFK,2,0,1206.60836422443,1145,1156,0,Piliocolobus,Piliocolobus tephrosceles,11,201,44.11
373,GVVGPQGARGFPGTPGLPGFK,3,0,2044.05425667763,1136,1156,1,Piliocolobus,Piliocolobus tephrosceles,20,200,9.94
374,GVVGPQGARGFPGTPGLPGFK,2,0,2028.05934643745,1136,1156,1,Piliocolobus,Piliocolobus tephrosceles,20,200,7.55
375,GVVGPQGAR,0,0,840.461552500725,1136,1144,0,Piliocolobus,Piliocolobus tephrosceles,8,199,61.51
376,GVVGPQGAR,0,1,841.445562839508,1136,1144,0,Piliocolobus,Piliocolobus tephrosceles,8,199,34.03
377,GVVGPQGAR,1,0,856.456462740898,1136,1144,0,Piliocolobus,Piliocolobus tephrosceles,8,199,0.5
378,AGEDGHPGKPGRPGER,2,0,1648.77165544033,1120,1135,0,Piliocolobus,Piliocolobus tephrosceles,15,194,31.48
379,AGEDGHPGKPGRPGER,3,0,1664.7665656805,1120,1135,0,Piliocolobus,Piliocolobus tephrosceles,15,194,28.74
380,GPPGAAGAPGPQGFQGPAGEPGEPGQTGPAGAR,4,1,2960.33382105827,1079,1111,0,Piliocolobus,Piliocolobus tephrosceles,32,190,33.75
381,GPPGAAGAPGPQGFQGPAGEPGEPGQTGPAGAR,5,1,2976.32873129845,1079,1111,0,Piliocolobus,Piliocolobus tephrosceles,32,190,25.86
382,GPPGAAGAPGPQGFQGPAGEPGEPGQTGPAGAR,6,0,2991.33963119984,1079,1111,0,Piliocolobus,Piliocolobus tephrosceles,32,190,25.08
383,GPPGAAGAPGPQGFQGPAGEPGEPGQTGPAGAR,3,0,2943.35490047932,1079,1111,0,Piliocolobus,Piliocolobus tephrosceles,32,190,17.79
384,GPPGAAGAPGPQGFQGPAGEPGEPGQTGPAGAR,4,2,2961.31783139706,1079,1111,0,Piliocolobus,Piliocolobus tephrosceles,32,190,14.58
385,GPPGAAGAPGPQGFQGPAGEPGEPGQTGPAGAR,3,2,2945.32292115688,1079,1111,0,Piliocolobus,Piliocolobus tephrosceles,32,190,14.21
386,GPPGAAGAPGPQGFQGPAGEPGEPGQTGPAGAR,4,0,2959.34981071949,1079,1111,0,Piliocolobus,Piliocolobus tephrosceles,32,190,12.5
387,GPPGAAGAPGPQGFQGPAGEPGEPGQTGPAGAR,5,0,2975.34472095966,1079,1111,0,Piliocolobus,Piliocolobus tephrosceles,32,190,12.28
388,GVGLGPGPMGLMGPR,0,0,1395.71662545204,1064,1078,0,Piliocolobus,Piliocolobus tephrosceles,14,189,87.47
389,GVGLGPGPMGLMGPR,3,0,1443.70135617256,1064,1078,0,Piliocolobus,Piliocolobus tephrosceles,14,189,65.88
390,GVGLGPGPMGLMGPR,2,0,1427.70644593239,1064,1078,0,Piliocolobus,Piliocolobus tephrosceles,14,189,65.43
391,GVGLGPGPMGLMGPR,1,0,1411.71153569221,1064,1078,0,Piliocolobus,Piliocolobus tephrosceles,14,189,65.2
392,GVGLGPGPMGLMGPR,4,0,1459.69626641273,1064,1078,0,Piliocolobus,Piliocolobus tephrosceles,14,189,45.24
393,QYDGKGVGLGPGPMGLMGPR,6,1,2083.93548941612,1059,1078,1,Piliocolobus,Piliocolobus tephrosceles,19,187,1.1
394,QYDGKGVGLGPGPMGLMGPR,5,0,2066.95656883717,1059,1078,1,Piliocolobus,Piliocolobus tephrosceles,19,187,0.52
395,QYDGKGVGLGPGPMGLMGPR,5,1,2067.94057917595,1059,1078,1,Piliocolobus,Piliocolobus tephrosceles,19,187,0.1
396,DGLNGLPGPIGPPGPRGR,3,0,1774.91259586811,992,1009,1,Piliocolobus,Piliocolobus tephrosceles,17,183,14.63
397,DGLNGLPGPIGPPGPRGR,3,1,1775.89660620689,992,1009,1,Piliocolobus,Piliocolobus tephrosceles,17,183,12.85
398,DGLNGLPGPIGPPGPR,2,1,1546.77907574177,992,1007,0,Piliocolobus,Piliocolobus tephrosceles,15,182,67.33
399,DGLNGLPGPIGPPGPR,3,1,1562.77398598194,992,1007,0,Piliocolobus,Piliocolobus tephrosceles,15,182,64.8
400,DGLNGLPGPIGPPGPR,2,0,1545.79506540298,992,1007,0,Piliocolobus,Piliocolobus tephrosceles,15,182,62.38
401,DGLNGLPGPIGPPGPR,1,1,1530.78416550159,992,1007,0,Piliocolobus,Piliocolobus tephrosceles,15,182,50.67
402,DGLNGLPGPIGPPGPR,3,0,1561.78997564316,992,1007,0,Piliocolobus,Piliocolobus tephrosceles,15,182,46.68
403,DGLNGLPGPIGPPGPR,4,1,1578.76889622211,992,1007,0,Piliocolobus,Piliocolobus tephrosceles,15,182,30.45
404,DGLNGLPGPIGPPGPR,4,0,1577.78488588333,992,1007,0,Piliocolobus,Piliocolobus tephrosceles,15,182,25.2
405,DGLNGLPGPIGPPGPR,1,0,1529.80015516281,992,1007,0,Piliocolobus,Piliocolobus tephrosceles,15,182,19.89
406,DGLNGLPGPIGPPGPR,0,0,1513.80524492264,992,1007,0,Piliocolobus,Piliocolobus tephrosceles,15,182,15.98
407,GPPGSAGTPGKDGLNGLPGPIGPPGPR,3,0,2468.24610877037,981,1007,1,Piliocolobus,Piliocolobus tephrosceles,26,181,61.03
408,GPPGSAGTPGKDGLNGLPGPIGPPGPR,5,1,2501.2199395895,981,1007,1,Piliocolobus,Piliocolobus tephrosceles,26,181,54.76
409,GPPGSAGTPGKDGLNGLPGPIGPPGPR,4,1,2485.22502934933,981,1007,1,Piliocolobus,Piliocolobus tephrosceles,26,181,53.81
410,GPPGSAGTPGKDGLNGLPGPIGPPGPR,5,0,2500.23592925072,981,1007,1,Piliocolobus,Piliocolobus tephrosceles,26,181,47.29
411,GPPGSAGTPGKDGLNGLPGPIGPPGPR,3,1,2469.23011910915,981,1007,1,Piliocolobus,Piliocolobus tephrosceles,26,181,44.82
412,GPPGSAGTPGKDGLNGLPGPIGPPGPR,4,0,2484.24101901054,981,1007,1,Piliocolobus,Piliocolobus tephrosceles,26,181,41.78
413,GPPGSAGTPGKDGLNGLPGPIGPPGPR,2,1,2453.23520886898,981,1007,1,Piliocolobus,Piliocolobus tephrosceles,26,181,40.77
414,GPPGSAGTPGKDGLNGLPGPIGPPGPR,2,0,2452.2511985302,981,1007,1,Piliocolobus,Piliocolobus tephrosceles,26,181,22.8
415,GPPGSAGTPGK,1,0,941.46161365509,981,991,0,Piliocolobus,Piliocolobus tephrosceles,10,180,67.87
416,GPPGSAGTPGK,2,0,957.456523895264,981,991,0,Piliocolobus,Piliocolobus tephrosceles,10,180,56.26
417,GPPGSAGTPGK,0,0,925.466703414917,981,991,0,Piliocolobus,Piliocolobus tephrosceles,10,180,47.33
418,GFSGLQGPPGPPGSPGEQGPSGASGPAGPR,3,0,2705.24826991558,951,980,0,Piliocolobus,Piliocolobus tephrosceles,29,178,96.64
419,GFSGLQGPPGPPGSPGEQGPSGASGPAGPR,2,1,2690.23737001419,951,980,0,Piliocolobus,Piliocolobus tephrosceles,29,178,86.93
420,GFSGLQGPPGPPGSPGEQGPSGASGPAGPR,1,1,2674.24245977402,951,980,0,Piliocolobus,Piliocolobus tephrosceles,29,178,80.33
421,GFSGLQGPPGPPGSPGEQGPSGASGPAGPR,1,0,2673.25844943523,951,980,0,Piliocolobus,Piliocolobus tephrosceles,29,178,79.53
422,GFSGLQGPPGPPGSPGEQGPSGASGPAGPR,2,0,2689.25335967541,951,980,0,Piliocolobus,Piliocolobus tephrosceles,29,178,72.1
423,GFSGLQGPPGPPGSPGEQGPSGASGPAGPR,3,1,2706.23228025436,951,980,0,Piliocolobus,Piliocolobus tephrosceles,29,178,66.97
424,GFSGLQGPPGPPGSPGEQGPSGASGPAGPR,1,2,2675.2264701128,951,980,0,Piliocolobus,Piliocolobus tephrosceles,29,178,40.15
425,GFSGLQGPPGPPGSPGEQGPSGASGPAGPR,0,1,2658.24754953384,951,980,0,Piliocolobus,Piliocolobus tephrosceles,29,178,38.36
426,GFSGLQGPPGPPGSPGEQGPSGASGPAGPR,0,0,2657.26353919506,951,980,0,Piliocolobus,Piliocolobus tephrosceles,29,178,27.62
427,GFSGLQGPPGPPGSPGEQGPSGASGPAGPR,4,0,2721.24318015575,951,980,0,Piliocolobus,Piliocolobus tephrosceles,29,178,26.79
428,GHRGFSGLQGPPGPPGSPGEQGPSGASGPAGPR,5,0,3087.41964066029,948,980,1,Piliocolobus,Piliocolobus tephrosceles,32,177,4.73
429,GHRGFSGLQGPPGPPGSPGEQGPSGASGPAGPR,7,1,3120.39347147942,948,980,1,Piliocolobus,Piliocolobus tephrosceles,32,177,4.6
430,GHRGFSGLQGPPGPPGSPGEQGPSGASGPAGPR,3,2,3057.39784085751,948,980,1,Piliocolobus,Piliocolobus tephrosceles,32,177,0.41
431,GETGEQGDR,0,0,948.394604086876,936,944,0,Piliocolobus,Piliocolobus tephrosceles,8,175,39.64
432,GDKGETGEQGDR,1,0,1264.53294551373,933,944,1,Piliocolobus,Piliocolobus tephrosceles,11,173,48.38
433,GETGEQGDRGIK,1,0,1262.59010517597,936,947,1,Piliocolobus,Piliocolobus tephrosceles,11,173,48.38
434,GDKGETGEQGDR,0,1,1249.52204561234,933,944,1,Piliocolobus,Piliocolobus tephrosceles,11,173,42.88
435,GETGEQGDRGIK,0,1,1247.57920527458,936,947,1,Piliocolobus,Piliocolobus tephrosceles,11,173,42.88
436,GDKGETGEQGDR,0,0,1248.53803527355,933,944,1,Piliocolobus,Piliocolobus tephrosceles,11,173,38.84
437,GETGEQGDRGIK,0,0,1246.5951949358,936,947,1,Piliocolobus,Piliocolobus tephrosceles,11,173,38.84
438,GPAGPQGPRGDK,0,1,1137.55767393112,924,935,1,Piliocolobus,Piliocolobus tephrosceles,11,171,27.08
439,GPAGPQGPRGDK,0,0,1136.57366359234,924,935,1,Piliocolobus,Piliocolobus tephrosceles,11,171,26.29
440,GPAGPQGPRGDK,1,0,1152.56857383251,924,935,1,Piliocolobus,Piliocolobus tephrosceles,11,171,14.89
441,GPAGPQGPR,0,0,836.430232405663,924,932,0,Piliocolobus,Piliocolobus tephrosceles,8,170,56.87
442,GPAGPQGPR,0,1,837.414242744446,924,932,0,Piliocolobus,Piliocolobus tephrosceles,8,170,47.22
443,GPAGPQGPR,1,0,852.425142645836,924,932,0,Piliocolobus,Piliocolobus tephrosceles,8,170,28.57
444,GPAGPQGPR,2,0,868.420052886009,924,932,0,Piliocolobus,Piliocolobus tephrosceles,8,170,15.27
445,GPAGPQGPR,2,1,869.404063224792,924,932,0,Piliocolobus,Piliocolobus tephrosceles,8,170,4.48
446,GPAGPQGPR,3,0,884.414963126183,924,932,0,Piliocolobus,Piliocolobus tephrosceles,8,170,1.48
447,GETGPAGPAGPVGPVGARGPAGPQGPR,0,0,2364.2099673748,906,932,1,Piliocolobus,Piliocolobus tephrosceles,26,169,15.88
448,GETGPAGPAGPVGPVGARGPAGPQGPR,1,0,2380.20487761497,906,932,1,Piliocolobus,Piliocolobus tephrosceles,26,169,8.78
449,GETGPAGPAGPVGPVGAR,0,0,1546.79030525684,906,923,0,Piliocolobus,Piliocolobus tephrosceles,17,168,84.59
450,GETGPAGPAGPVGPVGAR,1,0,1562.78521549702,906,923,0,Piliocolobus,Piliocolobus tephrosceles,17,168,61.71
451,GETGPAGPAGPVGPVGAR,2,0,1578.78012573719,906,923,0,Piliocolobus,Piliocolobus tephrosceles,17,168,41.82
452,SGDRGETGPAGPAGPVGPVGAR,0,0,1961.97191667557,902,923,1,Piliocolobus,Piliocolobus tephrosceles,21,166,70.74
453,SGDRGETGPAGPAGPVGPVGAR,2,0,1993.96173715591,902,923,1,Piliocolobus,Piliocolobus tephrosceles,21,166,63.11
454,SGDRGETGPAGPAGPVGPVGAR,1,0,1977.96682691574,902,923,1,Piliocolobus,Piliocolobus tephrosceles,21,166,60.7
455,SGDRGETGPAGPAGPVGPVGAR,3,0,2009.95664739609,902,923,1,Piliocolobus,Piliocolobus tephrosceles,21,166,23.79
456,GETGPAGPPGAPGAPGAPGPVGPAGKSGDR,5,0,2616.22170996666,876,905,1,Piliocolobus,Piliocolobus tephrosceles,29,165,16.53
457,GETGPAGPPGAPGAPGAPGPVGPAGKSGDR,4,0,2600.22679972649,876,905,1,Piliocolobus,Piliocolobus tephrosceles,29,165,3.31
458,GETGPAGPPGAPGAPGAPGPVGPAGK,3,0,2169.05027806759,876,901,0,Piliocolobus,Piliocolobus tephrosceles,25,164,81.0
459,GETGPAGPPGAPGAPGAPGPVGPAGK,4,0,2185.04518830776,876,901,0,Piliocolobus,Piliocolobus tephrosceles,25,164,67.18
460,GETGPAGPPGAPGAPGAPGPVGPAGK,2,0,2153.05536782742,876,901,0,Piliocolobus,Piliocolobus tephrosceles,25,164,59.46
461,GETGPAGPPGAPGAPGAPGPVGPAGK,1,0,2137.06045758724,876,901,0,Piliocolobus,Piliocolobus tephrosceles,25,164,53.67
462,GDRGETGPAGPPGAPGAPGAPGPVGPAGK,2,0,2481.20493876934,873,901,1,Piliocolobus,Piliocolobus tephrosceles,28,163,57.2
463,GDRGETGPAGPPGAPGAPGAPGPVGPAGK,4,0,2513.19475924969,873,901,1,Piliocolobus,Piliocolobus tephrosceles,28,163,45.33
464,GDRGETGPAGPPGAPGAPGAPGPVGPAGK,3,0,2497.19984900951,873,901,1,Piliocolobus,Piliocolobus tephrosceles,28,163,44.88
465,GDRGETGPAGPPGAPGAPGAPGPVGPAGK,1,0,2465.21002852917,873,901,1,Piliocolobus,Piliocolobus tephrosceles,28,163,39.83
466,GDRGETGPAGPPGAPGAPGAPGPVGPAGK,0,0,2449.21511828899,873,901,1,Piliocolobus,Piliocolobus tephrosceles,28,163,32.29
467,GDRGETGPAGPPGAPGAPGAPGPVGPAGK,5,0,2529.18966948986,873,901,1,Piliocolobus,Piliocolobus tephrosceles,28,163,5.53
468,DGSPGPKGDR,2,0,1017.45248413086,866,875,1,Piliocolobus,Piliocolobus tephrosceles,9,161,47.79
469,DGSPGPKGDR,1,0,1001.45757389069,866,875,1,Piliocolobus,Piliocolobus tephrosceles,9,161,40.61
470,DGSPGPKGDR,0,0,985.462663650513,866,875,1,Piliocolobus,Piliocolobus tephrosceles,9,161,29.67
471,EGAPGAEGSPGRDGSPGPK,3,0,1770.78195726871,854,872,1,Piliocolobus,Piliocolobus tephrosceles,18,159,61.67
472,EGAPGAEGSPGRDGSPGPK,2,0,1754.78704702854,854,872,1,Piliocolobus,Piliocolobus tephrosceles,18,159,51.54
473,EGAPGAEGSPGRDGSPGPK,1,0,1738.79213678837,854,872,1,Piliocolobus,Piliocolobus tephrosceles,18,159,14.11
474,EGAPGAEGSPGR,1,0,1100.48961436749,854,865,0,Piliocolobus,Piliocolobus tephrosceles,11,158,67.54
475,EGAPGAEGSPGR,2,0,1116.48452460766,854,865,0,Piliocolobus,Piliocolobus tephrosceles,11,158,60.88
476,EGAPGAEGSPGR,0,0,1084.49470412731,854,865,0,Piliocolobus,Piliocolobus tephrosceles,11,158,23.1
477,GPPGPMGPPGLAGPPGESGREGAPGAEGSPGR,5,0,2930.3266415596,834,865,1,Piliocolobus,Piliocolobus tephrosceles,31,157,24.08
478,GPPGPMGPPGLAGPPGESGREGAPGAEGSPGR,6,0,2946.32155179977,834,865,1,Piliocolobus,Piliocolobus tephrosceles,31,157,5.15
479,GPPGPMGPPGLAGPPGESGR,3,0,1832.85268723965,834,853,0,Piliocolobus,Piliocolobus tephrosceles,19,156,97.64
480,GPPGPMGPPGLAGPPGESGR,0,0,1784.86795651913,834,853,0,Piliocolobus,Piliocolobus tephrosceles,19,156,84.71
481,GPPGPMGPPGLAGPPGESGR,1,0,1800.8628667593,834,853,0,Piliocolobus,Piliocolobus tephrosceles,19,156,83.81
482,GPPGPMGPPGLAGPPGESGR,2,0,1816.85777699947,834,853,0,Piliocolobus,Piliocolobus tephrosceles,19,156,79.01
483,GPPGPMGPPGLAGPPGESGR,5,0,1864.84250771999,834,853,0,Piliocolobus,Piliocolobus tephrosceles,19,156,66.68
484,GPPGPMGPPGLAGPPGESGR,4,0,1848.84759747982,834,853,0,Piliocolobus,Piliocolobus tephrosceles,19,156,65.51
485,QGPSGASGERGPPGPMGPPGLAGPPGESGR,2,0,2743.27855026722,824,853,1,Piliocolobus,Piliocolobus tephrosceles,29,154,46.66
486,QGPSGASGERGPPGPMGPPGLAGPPGESGR,3,0,2759.27346050739,824,853,1,Piliocolobus,Piliocolobus tephrosceles,29,154,46.09
487,QGPSGASGERGPPGPMGPPGLAGPPGESGR,2,1,2744.262560606,824,853,1,Piliocolobus,Piliocolobus tephrosceles,29,154,44.36
488,QGPSGASGERGPPGPMGPPGLAGPPGESGR,4,0,2775.26837074757,824,853,1,Piliocolobus,Piliocolobus tephrosceles,29,154,27.18
489,QGPSGASGERGPPGPMGPPGLAGPPGESGR,0,0,2711.28872978687,824,853,1,Piliocolobus,Piliocolobus tephrosceles,29,154,21.92
490,QGPSGASGERGPPGPMGPPGLAGPPGESGR,5,0,2791.26328098774,824,853,1,Piliocolobus,Piliocolobus tephrosceles,29,154,20.69
491,QGPSGASGERGPPGPMGPPGLAGPPGESGR,1,0,2727.28364002705,824,853,1,Piliocolobus,Piliocolobus tephrosceles,29,154,16.54
492,QGPSGASGERGPPGPMGPPGLAGPPGESGR,0,1,2712.27274012566,824,853,1,Piliocolobus,Piliocolobus tephrosceles,29,154,13.78
493,QGPSGASGERGPPGPMGPPGLAGPPGESGR,5,1,2792.24729132652,824,853,1,Piliocolobus,Piliocolobus tephrosceles,29,154,4.49
494,QGPSGASGER,0,0,945.43134355545,824,833,0,Piliocolobus,Piliocolobus tephrosceles,9,153,49.38
495,GFPGLPGPSGEPGKQGPSGASGER,2,0,2255.06189835072,810,833,1,Piliocolobus,Piliocolobus tephrosceles,23,152,52.15
496,GFPGLPGPSGEPGKQGPSGASGER,3,0,2271.05680859089,810,833,1,Piliocolobus,Piliocolobus tephrosceles,23,152,43.63
497,GFPGLPGPSGEPGKQGPSGASGER,1,1,2240.05099844933,810,833,1,Piliocolobus,Piliocolobus tephrosceles,23,152,15.92
498,GFPGLPGPSGEPGKQGPSGASGER,2,1,2256.0459086895,810,833,1,Piliocolobus,Piliocolobus tephrosceles,23,152,12.68
499,GFPGLPGPSGEPGKQGPSGASGER,3,1,2272.04081892967,810,833,1,Piliocolobus,Piliocolobus tephrosceles,23,152,4.58
500,GFPGLPGPSGEPGK,2,0,1328.64112508297,810,823,0,Piliocolobus,Piliocolobus tephrosceles,13,151,70.99
501,GFPGLPGPSGEPGK,3,0,1344.63603532314,810,823,0,Piliocolobus,Piliocolobus tephrosceles,13,151,67.95
502,GFPGLPGPSGEPGK,1,0,1312.6462148428,810,823,0,Piliocolobus,Piliocolobus tephrosceles,13,151,64.84
503,GFPGLPGPSGEPGK,0,0,1296.65130460262,810,823,0,Piliocolobus,Piliocolobus tephrosceles,13,151,33.81
504,GFPGLPGPSGEPGK,4,0,1360.63094556332,810,823,0,Piliocolobus,Piliocolobus tephrosceles,13,151,17.46
505,GERGFPGLPGPSGEPGK,2,0,1670.80635607243,807,823,1,Piliocolobus,Piliocolobus tephrosceles,16,150,24.96
506,GERGFPGLPGPSGEPGK,3,0,1686.8012663126,807,823,1,Piliocolobus,Piliocolobus tephrosceles,16,150,16.13
507,GERGFPGLPGPSGEPGK,1,0,1654.81144583225,807,823,1,Piliocolobus,Piliocolobus tephrosceles,16,150,11.64
508,GVVGLPGQRGER,1,0,1240.66867387295,798,809,1,Piliocolobus,Piliocolobus tephrosceles,11,149,35.68
509,GVVGLPGQRGER,1,1,1241.65268421173,798,809,1,Piliocolobus,Piliocolobus tephrosceles,11,149,27.08
510,GVVGLPGQR,1,0,898.503442883492,798,806,0,Piliocolobus,Piliocolobus tephrosceles,8,148,53.81
511,GVVGLPGQR,1,1,899.487453222275,798,806,0,Piliocolobus,Piliocolobus tephrosceles,8,148,46.98
512,GVVGLPGQR,0,0,882.508532643318,798,806,0,Piliocolobus,Piliocolobus tephrosceles,8,148,39.57
513,GVVGLPGQR,0,1,883.492542982101,798,806,0,Piliocolobus,Piliocolobus tephrosceles,8,148,27.73
514,GSPGADGPAGAPGTPGPQGIAGQRGVVGLPGQR,3,2,2986.45467090607,774,806,1,Piliocolobus,Piliocolobus tephrosceles,32,147,12.06
515,GSPGADGPAGAPGTPGPQGIAGQRGVVGLPGQR,4,0,3000.48156046867,774,806,1,Piliocolobus,Piliocolobus tephrosceles,32,147,6.9
516,GSPGADGPAGAPGTPGPQGIAGQR,2,0,2104.99377763271,774,797,0,Piliocolobus,Piliocolobus tephrosceles,23,146,95.12
517,GSPGADGPAGAPGTPGPQGIAGQR,3,0,2120.98868787289,774,797,0,Piliocolobus,Piliocolobus tephrosceles,23,146,89.45
518,GSPGADGPAGAPGTPGPQGIAGQR,1,1,2089.98287773132,774,797,0,Piliocolobus,Piliocolobus tephrosceles,23,146,78.52
519,GSPGADGPAGAPGTPGPQGIAGQR,1,0,2088.99886739254,774,797,0,Piliocolobus,Piliocolobus tephrosceles,23,146,69.4
520,GSPGADGPAGAPGTPGPQGIAGQR,3,1,2121.97269821167,774,797,0,Piliocolobus,Piliocolobus tephrosceles,23,146,54.89
521,GSPGADGPAGAPGTPGPQGIAGQR,0,1,2073.98796749115,774,797,0,Piliocolobus,Piliocolobus tephrosceles,23,146,52.96
522,GSPGADGPAGAPGTPGPQGIAGQR,3,2,2122.95670855045,774,797,0,Piliocolobus,Piliocolobus tephrosceles,23,146,52.79
523,GSPGADGPAGAPGTPGPQGIAGQR,0,0,2073.00395715237,774,797,0,Piliocolobus,Piliocolobus tephrosceles,23,146,38.8
524,GSPGADGPAGAPGTPGPQGIAGQR,2,1,2105.9777879715,774,797,0,Piliocolobus,Piliocolobus tephrosceles,23,146,34.37
525,GSPGADGPAGAPGTPGPQGIAGQR,2,2,2106.96179831028,774,797,0,Piliocolobus,Piliocolobus tephrosceles,23,146,31.93
526,GETGPAGRPGEVGPPGPPGPAGEK,4,0,2232.0459086895,750,773,0,Piliocolobus,Piliocolobus tephrosceles,23,143,48.46
527,GETGPAGRPGEVGPPGPPGPAGEK,3,0,2216.05099844933,750,773,0,Piliocolobus,Piliocolobus tephrosceles,23,143,46.48
528,GETGPAGRPGEVGPPGPPGPAGEK,2,0,2200.05608820915,750,773,0,Piliocolobus,Piliocolobus tephrosceles,23,143,44.97
529,GETGPAGRPGEVGPPGPPGPAGEK,5,0,2248.04081892967,750,773,0,Piliocolobus,Piliocolobus tephrosceles,23,143,2.86
530,GETGPAGRPGEVGPPGPPGPAGEK,7,0,2280.03063941002,750,773,0,Piliocolobus,Piliocolobus tephrosceles,23,143,0.49
531,VGPPGPSGNAGAPGPPGPAGKEGGK,3,0,2158.04551792145,722,746,1,Piliocolobus,Piliocolobus tephrosceles,24,139,14.13
532,VGPPGPSGNAGAPGPPGPAGKEGGK,6,0,2206.03024864197,722,746,1,Piliocolobus,Piliocolobus tephrosceles,24,139,1.56
533,VGPPGPSGNAGAPGPPGPAGK,3,0,1786.86495649815,722,742,0,Piliocolobus,Piliocolobus tephrosceles,20,138,60.93
534,VGPPGPSGNAGAPGPPGPAGK,4,0,1802.85986673832,722,742,0,Piliocolobus,Piliocolobus tephrosceles,20,138,53.75
535,VGPPGPSGNAGAPGPPGPAGK,2,0,1770.87004625797,722,742,0,Piliocolobus,Piliocolobus tephrosceles,20,138,46.04
536,VGPPGPSGNAGAPGPPGPAGK,3,1,1787.84896683693,722,742,0,Piliocolobus,Piliocolobus tephrosceles,20,138,45.41
537,VGPPGPSGNAGAPGPPGPAGK,5,0,1818.85477697849,722,742,0,Piliocolobus,Piliocolobus tephrosceles,20,138,44.96
538,VGPPGPSGNAGAPGPPGPAGK,6,0,1834.84968721867,722,742,0,Piliocolobus,Piliocolobus tephrosceles,20,138,38.73
539,VGPPGPSGNAGAPGPPGPAGK,4,1,1803.8438770771,722,742,0,Piliocolobus,Piliocolobus tephrosceles,20,138,16.52
540,VGPPGPSGNAGAPGPPGPAGK,7,1,1851.82860779762,722,742,0,Piliocolobus,Piliocolobus tephrosceles,20,138,8.16
541,VGPPGPSGNAGAPGPPGPAGK,2,1,1771.85405659676,722,742,0,Piliocolobus,Piliocolobus tephrosceles,20,138,7.61
542,VGPPGPSGNAGAPGPPGPAGK,5,1,1819.83878731728,722,742,0,Piliocolobus,Piliocolobus tephrosceles,20,138,6.56
543,VGPPGPSGNAGAPGPPGPAGK,6,1,1835.83369755745,722,742,0,Piliocolobus,Piliocolobus tephrosceles,20,138,6.06
544,GSAGPPGATGFPGAAGRVGPPGPSGNAGAPGPPGPAGK,5,0,3227.53983128071,705,742,1,Piliocolobus,Piliocolobus tephrosceles,37,137,17.89
545,GSAGPPGATGFPGAAGRVGPPGPSGNAGAPGPPGPAGK,5,1,3228.52384161949,705,742,1,Piliocolobus,Piliocolobus tephrosceles,37,137,10.08
546,GSAGPPGATGFPGAAGRVGPPGPSGNAGAPGPPGPAGK,6,0,3243.53474152088,705,742,1,Piliocolobus,Piliocolobus tephrosceles,37,137,4.09
547,GSAGPPGATGFPGAAGR,2,0,1459.68544507027,705,721,0,Piliocolobus,Piliocolobus tephrosceles,16,136,114.73
548,GSAGPPGATGFPGAAGR,3,0,1475.68035531044,705,721,0,Piliocolobus,Piliocolobus tephrosceles,16,136,70.88
549,GARGSAGPPGATGFPGAAGR,2,0,1743.84519553185,702,721,1,Piliocolobus,Piliocolobus tephrosceles,19,134,66.56
550,GARGSAGPPGATGFPGAAGR,3,0,1759.84010577202,702,721,1,Piliocolobus,Piliocolobus tephrosceles,19,134,8.68
551,GDAGPPGPAGPAGPPGPIGNVGAPGPKGAR,4,0,2607.28428900242,675,704,1,Piliocolobus,Piliocolobus tephrosceles,29,133,45.02
552,GDAGPPGPAGPAGPPGPIGNVGAPGPKGAR,3,0,2591.28937876225,675,704,1,Piliocolobus,Piliocolobus tephrosceles,29,133,17.95
553,GDAGPPGPAGPAGPPGPIGNVGAPGPKGAR,4,1,2608.2682993412,675,704,1,Piliocolobus,Piliocolobus tephrosceles,29,133,7.39
554,GDAGPPGPAGPAGPPGPIGNVGAPGPKGAR,5,0,2623.27919924259,675,704,1,Piliocolobus,Piliocolobus tephrosceles,29,133,1.08
555,GDAGPPGPAGPAGPPGPIGNVGAPGPK,1,0,2275.13980782032,675,701,0,Piliocolobus,Piliocolobus tephrosceles,26,132,88.97
556,GDAGPPGPAGPAGPPGPIGNVGAPGPK,2,0,2291.13471806049,675,701,0,Piliocolobus,Piliocolobus tephrosceles,26,132,88.02
557,GDAGPPGPAGPAGPPGPIGNVGAPGPK,2,1,2292.11872839928,675,701,0,Piliocolobus,Piliocolobus tephrosceles,26,132,61.27
558,GDAGPPGPAGPAGPPGPIGNVGAPGPK,3,0,2307.12962830067,675,701,0,Piliocolobus,Piliocolobus tephrosceles,26,132,59.3
559,GDAGPPGPAGPAGPPGPIGNVGAPGPK,4,0,2323.12453854084,675,701,0,Piliocolobus,Piliocolobus tephrosceles,26,132,53.92
560,GDAGPPGPAGPAGPPGPIGNVGAPGPK,4,1,2324.10854887962,675,701,0,Piliocolobus,Piliocolobus tephrosceles,26,132,36.46
561,GDAGPPGPAGPAGPPGPIGNVGAPGPK,3,1,2308.11363863945,675,701,0,Piliocolobus,Piliocolobus tephrosceles,26,132,33.38
562,GDAGPPGPAGPAGPPGPIGNVGAPGPK,0,0,2259.14489758015,675,701,0,Piliocolobus,Piliocolobus tephrosceles,26,132,21.58
563,GDAGPPGPAGPAGPPGPIGNVGAPGPK,6,1,2356.09836935997,675,701,0,Piliocolobus,Piliocolobus tephrosceles,26,132,0.45
564,GEPGDAGAKGDAGPPGPAGPAGPPGPIGNVGAPGPK,6,0,3137.47039210796,666,701,1,Piliocolobus,Piliocolobus tephrosceles,35,130,55.63
565,GEPGDAGAKGDAGPPGPAGPAGPPGPIGNVGAPGPK,3,0,3089.48566138744,666,701,1,Piliocolobus,Piliocolobus tephrosceles,35,130,51.73
566,GEPGDAGAKGDAGPPGPAGPAGPPGPIGNVGAPGPK,5,0,3121.47548186779,666,701,1,Piliocolobus,Piliocolobus tephrosceles,35,130,50.18
567,GEPGDAGAKGDAGPPGPAGPAGPPGPIGNVGAPGPK,2,0,3073.49075114727,666,701,1,Piliocolobus,Piliocolobus tephrosceles,35,130,47.77
568,GEPGDAGAKGDAGPPGPAGPAGPPGPIGNVGAPGPK,4,1,3106.4645819664,666,701,1,Piliocolobus,Piliocolobus tephrosceles,35,130,43.09
569,GEPGDAGAKGDAGPPGPAGPAGPPGPIGNVGAPGPK,6,1,3138.45440244675,666,701,1,Piliocolobus,Piliocolobus tephrosceles,35,130,34.12
570,GEPGDAGAKGDAGPPGPAGPAGPPGPIGNVGAPGPK,4,0,3105.48057162762,666,701,1,Piliocolobus,Piliocolobus tephrosceles,35,130,29.3
571,GEPGDAGAKGDAGPPGPAGPAGPPGPIGNVGAPGPK,5,1,3122.45949220657,666,701,1,Piliocolobus,Piliocolobus tephrosceles,35,130,0.86
572,GEPGDAGAKGDAGPPGPAGPAGPPGPIGNVGAPGPK,3,1,3090.46967172623,666,701,1,Piliocolobus,Piliocolobus tephrosceles,35,130,0.58
573,GEPGDAGAK,1,0,817.361513614655,666,674,0,Piliocolobus,Piliocolobus tephrosceles,8,129,6.61
574,GEPGPPGPAGFAGPPGADGQPGAKGEPGDAGAK,5,0,2948.3225915432,642,674,1,Piliocolobus,Piliocolobus tephrosceles,32,128,28.68
575,GEPGPPGPAGFAGPPGADGQPGAKGEPGDAGAK,4,0,2932.32768130302,642,674,1,Piliocolobus,Piliocolobus tephrosceles,32,128,17.65
576,GEPGPPGPAGFAGPPGADGQPGAKGEPGDAGAK,4,1,2933.31169164181,642,674,1,Piliocolobus,Piliocolobus tephrosceles,32,128,16.91
577,GEPGPPGPAGFAGPPGADGQPGAKGEPGDAGAK,3,0,2916.33277106285,642,674,1,Piliocolobus,Piliocolobus tephrosceles,32,128,12.51
578,GEPGPPGPAGFAGPPGADGQPGAKGEPGDAGAK,6,0,2964.31750178337,642,674,1,Piliocolobus,Piliocolobus tephrosceles,32,128,12.0
579,GEPGPPGPAGFAGPPGADGQPGAKGEPGDAGAK,3,1,2917.31678140163,642,674,1,Piliocolobus,Piliocolobus tephrosceles,32,128,11.82
580,GEPGPPGPAGFAGPPGADGQPGAKGEPGDAGAK,6,1,2965.30151212215,642,674,1,Piliocolobus,Piliocolobus tephrosceles,32,128,9.35
581,GEPGPPGPAGFAGPPGADGQPGAKGEPGDAGAK,2,0,2900.33786082268,642,674,1,Piliocolobus,Piliocolobus tephrosceles,32,128,0.1
582,GEPGPPGPAGFAGPPGADGQPGAK,2,0,2117.9818277359,642,665,0,Piliocolobus,Piliocolobus tephrosceles,23,127,81.15
583,GEPGPPGPAGFAGPPGADGQPGAK,4,0,2149.97164821625,642,665,0,Piliocolobus,Piliocolobus tephrosceles,23,127,78.2
584,GEPGPPGPAGFAGPPGADGQPGAK,3,0,2133.97673797607,642,665,0,Piliocolobus,Piliocolobus tephrosceles,23,127,67.7
585,GEPGPPGPAGFAGPPGADGQPGAK,2,1,2118.96583807468,642,665,0,Piliocolobus,Piliocolobus tephrosceles,23,127,47.73
586,GEPGPPGPAGFAGPPGADGQPGAK,4,1,2150.95565855503,642,665,0,Piliocolobus,Piliocolobus tephrosceles,23,127,47.65
587,GEPGPPGPAGFAGPPGADGQPGAK,3,1,2134.96074831486,642,665,0,Piliocolobus,Piliocolobus tephrosceles,23,127,36.73
588,GEPGPPGPAGFAGPPGADGQPGAK,5,0,2165.96655845642,642,665,0,Piliocolobus,Piliocolobus tephrosceles,23,127,36.37
589,GEPGPPGPAGFAGPPGADGQPGAK,1,0,2101.98691749573,642,665,0,Piliocolobus,Piliocolobus tephrosceles,23,127,16.58
590,GEPGPPGPAGFAGPPGADGQPGAK,0,1,2086.97601759434,642,665,0,Piliocolobus,Piliocolobus tephrosceles,23,127,1.95
591,GAPGDRGEPGPPGPAGFAGPPGADGQPGAK,5,0,2719.22752010822,636,665,1,Piliocolobus,Piliocolobus tephrosceles,29,125,48.27
592,GAPGDRGEPGPPGPAGFAGPPGADGQPGAK,4,0,2703.23260986805,636,665,1,Piliocolobus,Piliocolobus tephrosceles,29,125,44.71
593,GAPGDRGEPGPPGPAGFAGPPGADGQPGAK,5,1,2720.21153044701,636,665,1,Piliocolobus,Piliocolobus tephrosceles,29,125,35.27
594,GAPGDRGEPGPPGPAGFAGPPGADGQPGAK,3,0,2687.23769962788,636,665,1,Piliocolobus,Piliocolobus tephrosceles,29,125,35.06
595,GAPGDRGEPGPPGPAGFAGPPGADGQPGAK,4,1,2704.21662020683,636,665,1,Piliocolobus,Piliocolobus tephrosceles,29,125,31.09
596,GAPGDRGEPGPPGPAGFAGPPGADGQPGAK,2,0,2671.2427893877,636,665,1,Piliocolobus,Piliocolobus tephrosceles,29,125,28.27
597,GAPGDRGEPGPPGPAGFAGPPGADGQPGAK,3,1,2688.22170996666,636,665,1,Piliocolobus,Piliocolobus tephrosceles,29,125,21.74
598,GAPGDRGEPGPPGPAGFAGPPGADGQPGAK,6,0,2735.2224303484,636,665,1,Piliocolobus,Piliocolobus tephrosceles,29,125,6.31
599,GETGPSGPAGPTGAR,0,0,1311.62175488472,621,635,0,Piliocolobus,Piliocolobus tephrosceles,14,124,68.57
600,GETGPSGPAGPTGAR,1,0,1327.61666512489,621,635,0,Piliocolobus,Piliocolobus tephrosceles,14,124,40.93
601,GLTGPIGPPGPAGAPGDKGETGPSGPAGPTGAR,2,0,2883.41649067402,603,635,1,Piliocolobus,Piliocolobus tephrosceles,32,123,55.32
602,GLTGPIGPPGPAGAPGDKGETGPSGPAGPTGAR,1,0,2867.42158043385,603,635,1,Piliocolobus,Piliocolobus tephrosceles,32,123,52.7
603,GLTGPIGPPGPAGAPGDKGETGPSGPAGPTGAR,3,0,2899.41140091419,603,635,1,Piliocolobus,Piliocolobus tephrosceles,32,123,39.94
604,GLTGPIGPPGPAGAPGDKGETGPSGPAGPTGAR,4,0,2915.40631115437,603,635,1,Piliocolobus,Piliocolobus tephrosceles,32,123,24.04
605,GLTGPIGPPGPAGAPGDKGETGPSGPAGPTGAR,5,0,2931.40122139454,603,635,1,Piliocolobus,Piliocolobus tephrosceles,32,123,14.45
606,GLTGPIGPPGPAGAPGDK,1,0,1574.81039583683,603,620,0,Piliocolobus,Piliocolobus tephrosceles,17,122,68.59
607,GLTGPIGPPGPAGAPGDK,3,0,1606.80021631718,603,620,0,Piliocolobus,Piliocolobus tephrosceles,17,122,41.73
608,GLTGPIGPPGPAGAPGDK,2,0,1590.805306077,603,620,0,Piliocolobus,Piliocolobus tephrosceles,17,122,14.78
609,GLTGPIGPPGPAGAPGDK,6,0,1654.7849470377,603,620,0,Piliocolobus,Piliocolobus tephrosceles,17,122,0.73
610,DGVRGLTGPIGPPGPAGAPGDK,3,0,2034.01823759079,599,620,1,Piliocolobus,Piliocolobus tephrosceles,21,121,1.34
611,GADGSPGKDGVR,1,0,1131.53183436394,591,602,1,Piliocolobus,Piliocolobus tephrosceles,11,118,62.75
612,GADGSPGKDGVR,0,0,1115.53692412376,591,602,1,Piliocolobus,Piliocolobus tephrosceles,11,118,42.78
613,GDAGPKGADGSPGK,2,0,1245.56354522705,585,598,1,Piliocolobus,Piliocolobus tephrosceles,13,116,14.49
614,GDAGPKGADGSPGK,1,0,1229.56863498688,585,598,1,Piliocolobus,Piliocolobus tephrosceles,13,116,3.24
615,GDRGDAGPK,0,0,872.414963126183,582,590,1,Piliocolobus,Piliocolobus tephrosceles,8,114,30.48
616,GAAGLPGPKGDR,1,0,1111.57842373848,573,584,1,Piliocolobus,Piliocolobus tephrosceles,11,112,52.52
617,GAAGLPGPKGDR,2,0,1127.57333397865,573,584,1,Piliocolobus,Piliocolobus tephrosceles,11,112,50.92
618,GAAGLPGPKGDR,3,0,1143.56824421883,573,584,1,Piliocolobus,Piliocolobus tephrosceles,11,112,5.94
619,GDAGAPGAPGSQGAPGLQGMPGERGAAGLPGPK,3,1,2932.37871146202,549,581,1,Piliocolobus,Piliocolobus tephrosceles,32,110,1.71
620,GDAGAPGAPGSQGAPGLQGMPGERGAAGLPGPK,5,1,2964.36853194237,549,581,1,Piliocolobus,Piliocolobus tephrosceles,32,110,0.43
621,GDAGAPGAPGSQGAPGLQGMPGER,4,0,2198.96623909473,549,572,0,Piliocolobus,Piliocolobus tephrosceles,23,108,82.98
622,GDAGAPGAPGSQGAPGLQGMPGER,4,1,2199.95024943352,549,572,0,Piliocolobus,Piliocolobus tephrosceles,23,108,79.03
623,GDAGAPGAPGSQGAPGLQGMPGER,5,0,2214.96114933491,549,572,0,Piliocolobus,Piliocolobus tephrosceles,23,108,62.11
624,GDAGAPGAPGSQGAPGLQGMPGER,5,1,2215.94515967369,549,572,0,Piliocolobus,Piliocolobus tephrosceles,23,108,44.9
625,GDAGAPGAPGSQGAPGLQGMPGER,4,2,2200.9342597723,549,572,0,Piliocolobus,Piliocolobus tephrosceles,23,108,42.84
626,GANGAPGNDGAKGDAGAPGAPGSQGAPGLQGMPGER,5,1,3225.40306317806,537,572,1,Piliocolobus,Piliocolobus tephrosceles,35,106,50.88
627,GANGAPGNDGAKGDAGAPGAPGSQGAPGLQGMPGER,7,1,3257.39288365841,537,572,1,Piliocolobus,Piliocolobus tephrosceles,35,106,50.15
628,GANGAPGNDGAKGDAGAPGAPGSQGAPGLQGMPGER,5,0,3224.41905283928,537,572,1,Piliocolobus,Piliocolobus tephrosceles,35,106,46.15
629,GANGAPGNDGAKGDAGAPGAPGSQGAPGLQGMPGER,6,2,3242.38198375702,537,572,1,Piliocolobus,Piliocolobus tephrosceles,35,106,44.36
630,GANGAPGNDGAKGDAGAPGAPGSQGAPGLQGMPGER,7,0,3256.40887331963,537,572,1,Piliocolobus,Piliocolobus tephrosceles,35,106,40.2
631,GANGAPGNDGAKGDAGAPGAPGSQGAPGLQGMPGER,6,0,3240.41396307945,537,572,1,Piliocolobus,Piliocolobus tephrosceles,35,106,35.16
632,GANGAPGNDGAKGDAGAPGAPGSQGAPGLQGMPGER,6,1,3241.39797341824,537,572,1,Piliocolobus,Piliocolobus tephrosceles,35,106,34.71
633,GANGAPGNDGAKGDAGAPGAPGSQGAPGLQGMPGER,7,2,3258.37689399719,537,572,1,Piliocolobus,Piliocolobus tephrosceles,35,106,34.12
634,GANGAPGNDGAKGDAGAPGAPGSQGAPGLQGMPGER,2,1,3177.41833245754,537,572,1,Piliocolobus,Piliocolobus tephrosceles,35,106,22.99
635,GANGAPGNDGAKGDAGAPGAPGSQGAPGLQGMPGER,6,3,3243.3659940958,537,572,1,Piliocolobus,Piliocolobus tephrosceles,35,106,17.01
636,GANGAPGNDGAKGDAGAPGAPGSQGAPGLQGMPGER,5,3,3227.37108385563,537,572,1,Piliocolobus,Piliocolobus tephrosceles,35,106,7.41
637,GANGAPGNDGAKGDAGAPGAPGSQGAPGLQGMPGER,2,0,3176.43432211876,537,572,1,Piliocolobus,Piliocolobus tephrosceles,35,106,3.64
638,GANGAPGNDGAK,1,0,1044.46338403225,537,548,0,Piliocolobus,Piliocolobus tephrosceles,11,105,32.51
639,GANGAPGNDGAK,0,1,1029.45248413086,537,548,0,Piliocolobus,Piliocolobus tephrosceles,11,105,28.26
640,GANGAPGNDGAK,1,1,1045.44739437103,537,548,0,Piliocolobus,Piliocolobus tephrosceles,11,105,25.15
641,GVQGPPGPAGPRGANGAPGNDGAK,2,0,2131.02066719532,525,548,1,Piliocolobus,Piliocolobus tephrosceles,23,104,23.53
642,GVQGPPGPAGPRGANGAPGNDGAK,2,1,2132.0046775341,525,548,1,Piliocolobus,Piliocolobus tephrosceles,23,104,17.5
643,GVQGPPGPAGPRGANGAPGNDGAK,5,2,2180.97341859341,525,548,1,Piliocolobus,Piliocolobus tephrosceles,23,104,2.88
644,GVQGPPGPAGPRGANGAPGNDGAK,3,3,2149.96760845184,525,548,1,Piliocolobus,Piliocolobus tephrosceles,23,104,1.0
645,GVQGPPGPAGPR,1,0,1105.56785345078,525,536,0,Piliocolobus,Piliocolobus tephrosceles,11,103,64.18
646,GVQGPPGPAGPR,1,1,1106.55186378956,525,536,0,Piliocolobus,Piliocolobus tephrosceles,11,103,56.8
647,GVQGPPGPAGPR,0,0,1089.5729432106,525,536,0,Piliocolobus,Piliocolobus tephrosceles,11,103,50.62
648,GVQGPPGPAGPR,2,0,1121.56276369095,525,536,0,Piliocolobus,Piliocolobus tephrosceles,11,103,24.48
649,GVQGPPGPAGPR,3,1,1138.54168426991,525,536,0,Piliocolobus,Piliocolobus tephrosceles,11,103,15.14
650,GFPGERGVQGPPGPAGPR,2,1,1765.85471582413,519,536,1,Piliocolobus,Piliocolobus tephrosceles,17,101,40.67
651,GFPGERGVQGPPGPAGPR,2,0,1764.87070548534,519,536,1,Piliocolobus,Piliocolobus tephrosceles,17,101,28.1
652,GFPGERGVQGPPGPAGPR,5,0,1812.85543620586,519,536,1,Piliocolobus,Piliocolobus tephrosceles,17,101,0.43
653,GERGFPGER,1,0,1020.47865331173,516,524,1,Piliocolobus,Piliocolobus tephrosceles,8,99,45.97
654,DGEAGAQGPPGPAGPAGER,1,0,1706.76590645313,452,470,0,Piliocolobus,Piliocolobus tephrosceles,18,94,95.44
655,DGEAGAQGPPGPAGPAGER,0,0,1690.77099621296,452,470,0,Piliocolobus,Piliocolobus tephrosceles,18,94,88.77
656,DGEAGAQGPPGPAGPAGER,0,1,1691.75500655174,452,470,0,Piliocolobus,Piliocolobus tephrosceles,18,94,78.12
657,DGEAGAQGPPGPAGPAGER,1,1,1707.74991679192,452,470,0,Piliocolobus,Piliocolobus tephrosceles,18,94,77.15
658,DGEAGAQGPPGPAGPAGER,2,0,1722.76081669331,452,470,0,Piliocolobus,Piliocolobus tephrosceles,18,94,10.66
659,DGEAGAQGPPGPAGPAGER,2,1,1723.74482703209,452,470,0,Piliocolobus,Piliocolobus tephrosceles,18,94,3.02
660,GVPGPPGAVGPAGKDGEAGAQGPPGPAGPAGER,1,0,2848.39058995247,438,470,1,Piliocolobus,Piliocolobus tephrosceles,32,93,53.14
661,GVPGPPGAVGPAGKDGEAGAQGPPGPAGPAGER,3,0,2880.38041043282,438,470,1,Piliocolobus,Piliocolobus tephrosceles,32,93,52.77
662,GVPGPPGAVGPAGKDGEAGAQGPPGPAGPAGER,2,0,2864.38550019264,438,470,1,Piliocolobus,Piliocolobus tephrosceles,32,93,50.11
663,GVPGPPGAVGPAGKDGEAGAQGPPGPAGPAGER,3,1,2881.3644207716,438,470,1,Piliocolobus,Piliocolobus tephrosceles,32,93,24.18
664,GVPGPPGAVGPAGKDGEAGAQGPPGPAGPAGER,6,1,2929.34915149212,438,470,1,Piliocolobus,Piliocolobus tephrosceles,32,93,5.85
665,GVPGPPGAVGPAGK,2,0,1192.62507426739,438,451,0,Piliocolobus,Piliocolobus tephrosceles,13,92,64.49
666,GVPGPPGAVGPAGK,1,0,1176.63016402721,438,451,0,Piliocolobus,Piliocolobus tephrosceles,13,92,43.51
667,GVPGPPGAVGPAGK,0,0,1160.63525378704,438,451,0,Piliocolobus,Piliocolobus tephrosceles,13,92,38.14
668,GVPGPPGAVGPAGK,3,0,1208.61998450756,438,451,0,Piliocolobus,Piliocolobus tephrosceles,13,92,6.75
669,AGERGVPGPPGAVGPAGK,2,0,1605.82743549347,434,451,1,Piliocolobus,Piliocolobus tephrosceles,17,90,34.39
670,AGERGVPGPPGAVGPAGK,1,0,1589.8325252533,434,451,1,Piliocolobus,Piliocolobus tephrosceles,17,90,8.33
671,GAAGEPGKAGER,0,0,1099.54201388359,426,437,1,Piliocolobus,Piliocolobus tephrosceles,11,88,47.95
672,GAAGEPGKAGER,2,0,1131.53183436394,426,437,1,Piliocolobus,Piliocolobus tephrosceles,11,88,43.35
673,GAAGEPGKAGER,1,0,1115.53692412376,426,437,1,Piliocolobus,Piliocolobus tephrosceles,11,88,37.67
674,GQAGVMGFPGPKGAAGEPGK,4,0,1876.87891757488,414,433,1,Piliocolobus,Piliocolobus tephrosceles,19,85,40.01
675,GQAGVMGFPGPKGAAGEPGK,3,0,1860.88400733471,414,433,1,Piliocolobus,Piliocolobus tephrosceles,19,85,35.92
676,GQAGVMGFPGPKGAAGEPGK,2,0,1844.88909709454,414,433,1,Piliocolobus,Piliocolobus tephrosceles,19,85,32.89
677,GQAGVMGFPGPKGAAGEPGK,3,1,1861.86801767349,414,433,1,Piliocolobus,Piliocolobus tephrosceles,19,85,21.52
678,GQAGVMGFPGPKGAAGEPGK,4,1,1877.86292791367,414,433,1,Piliocolobus,Piliocolobus tephrosceles,19,85,17.8
679,GQAGVMGFPGPKGAAGEPGK,2,1,1845.87310743332,414,433,1,Piliocolobus,Piliocolobus tephrosceles,19,85,15.59
680,GQAGVMGFPGPKGAAGEPGK,5,0,1892.87382781506,414,433,1,Piliocolobus,Piliocolobus tephrosceles,19,85,4.17
681,GQAGVMGFPGPK,2,0,1177.56001472473,414,425,0,Piliocolobus,Piliocolobus tephrosceles,11,84,74.37
682,GQAGVMGFPGPK,1,0,1161.56510448456,414,425,0,Piliocolobus,Piliocolobus tephrosceles,11,84,71.65
683,GQAGVMGFPGPK,2,1,1178.54402506351,414,425,0,Piliocolobus,Piliocolobus tephrosceles,11,84,68.81
684,GQAGVMGFPGPK,1,1,1162.54911482334,414,425,0,Piliocolobus,Piliocolobus tephrosceles,11,84,64.82
685,GQAGVMGFPGPK,3,0,1193.5549249649,414,425,0,Piliocolobus,Piliocolobus tephrosceles,11,84,60.64
686,GQAGVMGFPGPK,3,1,1194.53893530369,414,425,0,Piliocolobus,Piliocolobus tephrosceles,11,84,51.35
687,GQAGVMGFPGPK,0,0,1145.57019424438,414,425,0,Piliocolobus,Piliocolobus tephrosceles,11,84,30.05
688,GQAGVMGFPGPK,4,0,1209.54983520508,414,425,0,Piliocolobus,Piliocolobus tephrosceles,11,84,18.68
689,GQAGVMGFPGPK,4,1,1210.53384554386,414,425,0,Piliocolobus,Piliocolobus tephrosceles,11,84,11.88
690,TGPPGPAGQDGRPGPPGPPGARGQAGVMGFPGPK,5,0,3199.52717125416,392,425,1,Piliocolobus,Piliocolobus tephrosceles,33,80,3.86
691,TGPPGPAGQDGRPGPPGPPGARGQAGVMGFPGPK,3,1,3168.52136111259,392,425,1,Piliocolobus,Piliocolobus tephrosceles,33,80,0.38
692,TGPPGPAGQDGRPGPPGPPGAR,4,0,2056.9726370573,392,413,0,Piliocolobus,Piliocolobus tephrosceles,21,79,48.62
693,TGPPGPAGQDGRPGPPGPPGAR,3,1,2041.96173715591,392,413,0,Piliocolobus,Piliocolobus tephrosceles,21,79,40.38
694,TGPPGPAGQDGRPGPPGPPGAR,4,1,2057.95664739609,392,413,0,Piliocolobus,Piliocolobus tephrosceles,21,79,40.2
695,TGPPGPAGQDGRPGPPGPPGAR,2,0,2024.98281657696,392,413,0,Piliocolobus,Piliocolobus tephrosceles,21,79,37.31
696,TGPPGPAGQDGRPGPPGPPGAR,3,0,2040.97772681713,392,413,0,Piliocolobus,Piliocolobus tephrosceles,21,79,36.53
697,TGPPGPAGQDGRPGPPGPPGAR,5,0,2072.96754729748,392,413,0,Piliocolobus,Piliocolobus tephrosceles,21,79,23.69
698,TGPPGPAGQDGRPGPPGPPGAR,2,1,2025.96682691574,392,413,0,Piliocolobus,Piliocolobus tephrosceles,21,79,16.32
699,GLTGSPGSPGPDGKTGPPGPAGQDGRPGPPGPPGAR,7,1,3313.52495276928,378,413,1,Piliocolobus,Piliocolobus tephrosceles,35,77,31.19
700,GLTGSPGSPGPDGKTGPPGPAGQDGRPGPPGPPGAR,6,1,3297.53004252911,378,413,1,Piliocolobus,Piliocolobus tephrosceles,35,77,29.7
701,GLTGSPGSPGPDGKTGPPGPAGQDGRPGPPGPPGAR,6,0,3296.54603219032,378,413,1,Piliocolobus,Piliocolobus tephrosceles,35,77,25.61
702,GLTGSPGSPGPDGK,2,0,1258.58396542072,378,391,0,Piliocolobus,Piliocolobus tephrosceles,13,75,63.69
703,GLTGSPGSPGPDGK,1,0,1242.58905518055,378,391,0,Piliocolobus,Piliocolobus tephrosceles,13,75,56.9
704,GLTGSPGSPGPDGK,3,0,1274.5788756609,378,391,0,Piliocolobus,Piliocolobus tephrosceles,13,75,9.58
705,GSPGEAGRPGEAGLPGAKGLTGSPGSPGPDGK,6,0,2911.35972177982,360,391,1,Piliocolobus,Piliocolobus tephrosceles,31,73,8.41
706,GSPGEAGRPGEAGLPGAK,3,0,1655.79141640663,360,377,0,Piliocolobus,Piliocolobus tephrosceles,17,72,74.94
707,GSPGEAGRPGEAGLPGAK,2,0,1639.79650616646,360,377,0,Piliocolobus,Piliocolobus tephrosceles,17,72,43.5
708,GSPGEAGRPGEAGLPGAK,4,0,1671.7863266468,360,377,0,Piliocolobus,Piliocolobus tephrosceles,17,72,14.64
709,GSPGPAGPKGSPGEAGRPGEAGLPGAK,5,0,2436.16819930077,351,377,1,Piliocolobus,Piliocolobus tephrosceles,26,70,26.57
710,GSPGPAGPKGSPGEAGRPGEAGLPGAK,4,0,2420.17328906059,351,377,1,Piliocolobus,Piliocolobus tephrosceles,26,70,13.17
711,GPAGERGSPGPAGPK,1,0,1350.669064641,345,359,1,Piliocolobus,Piliocolobus tephrosceles,14,67,52.42
712,GPAGERGSPGPAGPK,2,0,1366.66397488117,345,359,1,Piliocolobus,Piliocolobus tephrosceles,14,67,28.66
713,GPAGERGSPGPAGPK,0,0,1334.67415440083,345,359,1,Piliocolobus,Piliocolobus tephrosceles,14,67,1.85
714,GPAGERGSPGPAGPK,4,0,1398.65379536152,345,359,1,Piliocolobus,Piliocolobus tephrosceles,14,67,1.31
715,GFPGADGVAGPKGPAGER,1,0,1655.80668568611,333,350,1,Piliocolobus,Piliocolobus tephrosceles,17,65,71.91
716,GFPGADGVAGPKGPAGER,2,0,1671.80159592628,333,350,1,Piliocolobus,Piliocolobus tephrosceles,17,65,37.79
717,GFPGADGVAGPKGPAGER,3,0,1687.79650616646,333,350,1,Piliocolobus,Piliocolobus tephrosceles,17,65,8.77
718,GFPGADGVAGPK,1,0,1088.53006398678,333,344,0,Piliocolobus,Piliocolobus tephrosceles,11,64,66.75
719,GFPGADGVAGPK,2,0,1104.52497422695,333,344,0,Piliocolobus,Piliocolobus tephrosceles,11,64,36.4
720,GGPGSRGFPGADGVAGPK,2,0,1615.77536559105,327,344,1,Piliocolobus,Piliocolobus tephrosceles,17,63,46.11
721,GEPGPTGLPGPPGERGGPGSR,3,0,1976.93517720699,312,332,1,Piliocolobus,Piliocolobus tephrosceles,20,62,36.15
722,GEPGPTGLPGPPGERGGPGSR,4,0,1992.93008744717,312,332,1,Piliocolobus,Piliocolobus tephrosceles,20,62,31.37
723,GEPGPTGLPGPPGER,3,0,1465.6847858429,312,326,0,Piliocolobus,Piliocolobus tephrosceles,14,61,77.47
724,GEPGPTGLPGPPGER,2,0,1449.68987560272,312,326,0,Piliocolobus,Piliocolobus tephrosceles,14,61,51.69
725,GEPGPTGLPGPPGER,1,0,1433.69496536255,312,326,0,Piliocolobus,Piliocolobus tephrosceles,14,61,22.15
726,GEPGPTGLPGPPGER,4,0,1481.67969608307,312,326,0,Piliocolobus,Piliocolobus tephrosceles,14,61,10.03
727,GARGEPGPTGLPGPPGER,2,0,1733.8496260643,309,326,1,Piliocolobus,Piliocolobus tephrosceles,17,59,46.46
728,GARGEPGPTGLPGPPGER,3,0,1749.84453630447,309,326,1,Piliocolobus,Piliocolobus tephrosceles,17,59,44.67
729,GEPGPVGVQGPPGPAGEEGKR,2,0,2003.9712574482,288,308,1,Piliocolobus,Piliocolobus tephrosceles,20,56,72.27
730,GEPGPVGVQGPPGPAGEEGKR,2,1,2004.95526778698,288,308,1,Piliocolobus,Piliocolobus tephrosceles,20,56,71.89
731,GEPGPVGVQGPPGPAGEEGKR,1,0,1987.97634720802,288,308,1,Piliocolobus,Piliocolobus tephrosceles,20,56,36.16
732,GEPGPVGVQGPPGPAGEEGKR,1,1,1988.96035754681,288,308,1,Piliocolobus,Piliocolobus tephrosceles,20,56,3.04
733,GEPGPVGVQGPPGPAGEEGK,2,0,1847.87010741234,288,307,0,Piliocolobus,Piliocolobus tephrosceles,19,55,87.25
734,GEPGPVGVQGPPGPAGEEGK,1,0,1831.87519717216,288,307,0,Piliocolobus,Piliocolobus tephrosceles,19,55,84.23
735,GEPGPVGVQGPPGPAGEEGK,2,1,1848.85411775112,288,307,0,Piliocolobus,Piliocolobus tephrosceles,19,55,65.73
736,GEPGPVGVQGPPGPAGEEGK,1,1,1832.85920751095,288,307,0,Piliocolobus,Piliocolobus tephrosceles,19,55,34.05
737,GDTGAKGEPGPVGVQGPPGPAGEEGK,2,0,2377.11983954906,282,307,1,Piliocolobus,Piliocolobus tephrosceles,25,53,36.89
738,GDTGAKGEPGPVGVQGPPGPAGEEGK,3,0,2393.11474978924,282,307,1,Piliocolobus,Piliocolobus tephrosceles,25,53,32.25
739,GDTGAKGEPGPVGVQGPPGPAGEEGK,2,1,2378.10384988785,282,307,1,Piliocolobus,Piliocolobus tephrosceles,25,53,24.84
740,GNSGEPGAPGSKGDTGAK,1,0,1602.72844660282,270,287,1,Piliocolobus,Piliocolobus tephrosceles,17,51,63.08
741,GNSGEPGAPGSKGDTGAK,2,0,1618.72335684299,270,287,1,Piliocolobus,Piliocolobus tephrosceles,17,51,62.22
742,GNSGEPGAPGSKGDTGAK,3,0,1634.71826708317,270,287,1,Piliocolobus,Piliocolobus tephrosceles,17,51,61.77
743,GNSGEPGAPGSKGDTGAK,2,1,1619.70736718178,270,287,1,Piliocolobus,Piliocolobus tephrosceles,17,51,10.56
744,GNSGEPGAPGSK,1,0,1073.47871446609,270,281,0,Piliocolobus,Piliocolobus tephrosceles,11,50,37.92
745,GNSGEPGAPGSK,2,0,1089.47362470627,270,281,0,Piliocolobus,Piliocolobus tephrosceles,11,50,36.94
746,GPSGPQGPSGPPGPKGNSGEPGAPGSK,3,0,2403.11031925678,255,281,1,Piliocolobus,Piliocolobus tephrosceles,26,48,34.83
747,GPSGPQGPSGPPGPKGNSGEPGAPGSK,3,1,2404.09432959557,255,281,1,Piliocolobus,Piliocolobus tephrosceles,26,48,29.0
748,GPSGPQGPSGPPGPKGNSGEPGAPGSK,4,1,2420.08923983574,255,281,1,Piliocolobus,Piliocolobus tephrosceles,26,48,23.84
749,GPSGPQGPSGPPGPKGNSGEPGAPGSK,4,0,2419.10522949696,255,281,1,Piliocolobus,Piliocolobus tephrosceles,26,48,14.86
750,GPSGPQGPSGPPGPKGNSGEPGAPGSK,2,0,2387.11540901661,255,281,1,Piliocolobus,Piliocolobus tephrosceles,26,48,12.17
751,GPSGPQGPSGPPGPKGNSGEPGAPGSK,1,1,2372.10450911522,255,281,1,Piliocolobus,Piliocolobus tephrosceles,26,48,2.68
752,GPSGPQGPSGPPGPK,2,0,1348.64217507839,255,269,0,Piliocolobus,Piliocolobus tephrosceles,14,47,86.17
753,GPSGPQGPSGPPGPK,1,0,1332.64726483822,255,269,0,Piliocolobus,Piliocolobus tephrosceles,14,47,85.7
754,GPSGPQGPSGPPGPK,1,1,1333.631275177,255,269,0,Piliocolobus,Piliocolobus tephrosceles,14,47,72.91
755,GPSGPQGPSGPPGPK,2,1,1349.62618541718,255,269,0,Piliocolobus,Piliocolobus tephrosceles,14,47,69.44
756,GPSGPQGPSGPPGPK,3,0,1364.63708531857,255,269,0,Piliocolobus,Piliocolobus tephrosceles,14,47,68.22
757,GPSGPQGPSGPPGPK,4,0,1380.63199555874,255,269,0,Piliocolobus,Piliocolobus tephrosceles,14,47,5.2
758,GANGAPGIAGAPGFPGARGPSGPQGPSGPPGPK,4,1,2900.38550019264,237,269,1,Piliocolobus,Piliocolobus tephrosceles,32,45,17.08
759,GANGAPGIAGAPGFPGARGPSGPQGPSGPPGPK,7,0,2947.38622057438,237,269,1,Piliocolobus,Piliocolobus tephrosceles,32,45,0.15
760,GANGAPGIAGAPGFPGAR,3,1,1586.74880564213,237,254,0,Piliocolobus,Piliocolobus tephrosceles,17,44,82.83
761,GANGAPGIAGAPGFPGAR,3,0,1585.76479530334,237,254,0,Piliocolobus,Piliocolobus tephrosceles,17,44,82.26
762,GANGAPGIAGAPGFPGAR,2,1,1570.75389540195,237,254,0,Piliocolobus,Piliocolobus tephrosceles,17,44,11.57
763,GEPGPPGPAGAAGPAGNPGADGQPGAK,4,0,2316.04186892509,210,236,0,Piliocolobus,Piliocolobus tephrosceles,26,42,66.19
764,GEPGPPGPAGAAGPAGNPGADGQPGAK,4,1,2317.02587926388,210,236,0,Piliocolobus,Piliocolobus tephrosceles,26,42,63.43
765,GEPGPPGPAGAAGPAGNPGADGQPGAK,5,0,2332.03677916527,210,236,0,Piliocolobus,Piliocolobus tephrosceles,26,42,54.14
766,GEPGPPGPAGAAGPAGNPGADGQPGAK,5,1,2333.02078950405,210,236,0,Piliocolobus,Piliocolobus tephrosceles,26,42,44.93
767,GEPGPPGPAGAAGPAGNPGADGQPGAK,6,0,2348.03168940544,210,236,0,Piliocolobus,Piliocolobus tephrosceles,26,42,35.96
768,GEPGPPGPAGAAGPAGNPGADGQPGAK,3,1,2301.0309690237,210,236,0,Piliocolobus,Piliocolobus tephrosceles,26,42,35.32
769,GEPGPPGPAGAAGPAGNPGADGQPGAK,3,0,2300.04695868492,210,236,0,Piliocolobus,Piliocolobus tephrosceles,26,42,34.9
770,GEPGPPGPAGAAGPAGNPGADGQPGAK,4,2,2318.00988960266,210,236,0,Piliocolobus,Piliocolobus tephrosceles,26,42,21.83
771,GEPGPPGPAGAAGPAGNPGADGQPGAK,3,2,2302.01497936249,210,236,0,Piliocolobus,Piliocolobus tephrosceles,26,42,14.53
772,GEPGPPGPAGAAGPAGNPGADGQPGAK,2,0,2284.05204844475,210,236,0,Piliocolobus,Piliocolobus tephrosceles,26,42,1.42
773,GSEGPQGVRGEPGPPGPAGAAGPAGNPGADGQPGAK,3,0,3167.46701157093,201,236,1,Piliocolobus,Piliocolobus tephrosceles,35,41,54.51
774,GSEGPQGVRGEPGPPGPAGAAGPAGNPGADGQPGAK,4,1,3184.44593214989,201,236,1,Piliocolobus,Piliocolobus tephrosceles,35,41,53.77
775,GSEGPQGVRGEPGPPGPAGAAGPAGNPGADGQPGAK,4,0,3183.4619218111,201,236,1,Piliocolobus,Piliocolobus tephrosceles,35,41,48.95
776,GSEGPQGVRGEPGPPGPAGAAGPAGNPGADGQPGAK,5,0,3199.45683205128,201,236,1,Piliocolobus,Piliocolobus tephrosceles,35,41,44.35
777,GSEGPQGVRGEPGPPGPAGAAGPAGNPGADGQPGAK,3,1,3168.45102190971,201,236,1,Piliocolobus,Piliocolobus tephrosceles,35,41,38.57
778,GSEGPQGVRGEPGPPGPAGAAGPAGNPGADGQPGAK,3,3,3170.41904258728,201,236,1,Piliocolobus,Piliocolobus tephrosceles,35,41,31.41
779,GSEGPQGVRGEPGPPGPAGAAGPAGNPGADGQPGAK,2,0,3151.47210133076,201,236,1,Piliocolobus,Piliocolobus tephrosceles,35,41,22.87
780,GSEGPQGVRGEPGPPGPAGAAGPAGNPGADGQPGAK,5,1,3200.44084239006,201,236,1,Piliocolobus,Piliocolobus tephrosceles,35,41,21.46
781,GSEGPQGVRGEPGPPGPAGAAGPAGNPGADGQPGAK,3,2,3169.4350322485,201,236,1,Piliocolobus,Piliocolobus tephrosceles,35,41,15.06
782,GSEGPQGVRGEPGPPGPAGAAGPAGNPGADGQPGAK,4,2,3185.42994248867,201,236,1,Piliocolobus,Piliocolobus tephrosceles,35,41,5.61
783,GSEGPQGVRGEPGPPGPAGAAGPAGNPGADGQPGAK,5,2,3201.42485272884,201,236,1,Piliocolobus,Piliocolobus tephrosceles,35,41,0.79
784,GSEGPQGVRGEPGPPGPAGAAGPAGNPGADGQPGAK,2,2,3153.44012200832,201,236,1,Piliocolobus,Piliocolobus tephrosceles,35,41,0.3
785,GSEGPQGVR,0,0,886.430623173714,201,209,0,Piliocolobus,Piliocolobus tephrosceles,8,40,72.74
786,GSEGPQGVR,0,1,887.414633512497,201,209,0,Piliocolobus,Piliocolobus tephrosceles,8,40,52.04
787,GEAGPQGARGSEGPQGVR,0,0,1709.82444572449,192,209,1,Piliocolobus,Piliocolobus tephrosceles,17,39,37.31
788,GEAGPQGARGSEGPQGVR,0,1,1710.80845606327,192,209,1,Piliocolobus,Piliocolobus tephrosceles,17,39,17.99
789,GEAGPQGARGSEGPQGVR,1,1,1726.80336630344,192,209,1,Piliocolobus,Piliocolobus tephrosceles,17,39,5.03
790,GEAGPQGAR,0,0,842.404392838478,192,200,0,Piliocolobus,Piliocolobus tephrosceles,8,38,41.39
791,GEAGPQGAR,0,1,843.388403177261,192,200,0,Piliocolobus,Piliocolobus tephrosceles,8,38,35.95
792,GNDGATGAAGPPGPTGPAGPPGFPGAVGAKGEAGPQGAR,4,1,3388.57226252556,162,200,1,Piliocolobus,Piliocolobus tephrosceles,38,37,54.74
793,GNDGATGAAGPPGPTGPAGPPGFPGAVGAKGEAGPQGAR,3,1,3372.57735228539,162,200,1,Piliocolobus,Piliocolobus tephrosceles,38,37,44.01
794,GNDGATGAAGPPGPTGPAGPPGFPGAVGAKGEAGPQGAR,5,0,3403.58316242695,162,200,1,Piliocolobus,Piliocolobus tephrosceles,38,37,40.87
795,GNDGATGAAGPPGPTGPAGPPGFPGAVGAKGEAGPQGAR,3,0,3371.5933419466,162,200,1,Piliocolobus,Piliocolobus tephrosceles,38,37,36.37
796,GNDGATGAAGPPGPTGPAGPPGFPGAVGAKGEAGPQGAR,4,0,3387.58825218678,162,200,1,Piliocolobus,Piliocolobus tephrosceles,38,37,30.19
797,GNDGATGAAGPPGPTGPAGPPGFPGAVGAKGEAGPQGAR,2,1,3356.58244204521,162,200,1,Piliocolobus,Piliocolobus tephrosceles,38,37,8.4
798,GNDGATGAAGPPGPTGPAGPPGFPGAVGAKGEAGPQGAR,7,2,3437.54100358486,162,200,1,Piliocolobus,Piliocolobus tephrosceles,38,37,5.22
799,GNDGATGAAGPPGPTGPAGPPGFPGAVGAKGEAGPQGAR,6,0,3419.57807266712,162,200,1,Piliocolobus,Piliocolobus tephrosceles,38,37,1.65
800,GNDGATGAAGPPGPTGPAGPPGFPGAVGAK,4,0,2564.194429636,162,191,0,Piliocolobus,Piliocolobus tephrosceles,29,36,73.36
801,GNDGATGAAGPPGPTGPAGPPGFPGAVGAK,2,0,2532.20460915565,162,191,0,Piliocolobus,Piliocolobus tephrosceles,29,36,66.72
802,GNDGATGAAGPPGPTGPAGPPGFPGAVGAK,3,0,2548.19951939583,162,191,0,Piliocolobus,Piliocolobus tephrosceles,29,36,64.65
803,GNDGATGAAGPPGPTGPAGPPGFPGAVGAK,3,1,2549.18352973461,162,191,0,Piliocolobus,Piliocolobus tephrosceles,29,36,60.37
804,GNDGATGAAGPPGPTGPAGPPGFPGAVGAK,4,1,2565.17843997478,162,191,0,Piliocolobus,Piliocolobus tephrosceles,29,36,59.19
805,GNDGATGAAGPPGPTGPAGPPGFPGAVGAK,1,0,2516.20969891548,162,191,0,Piliocolobus,Piliocolobus tephrosceles,29,36,27.59
806,GNDGATGAAGPPGPTGPAGPPGFPGAVGAK,2,1,2533.18861949444,162,191,0,Piliocolobus,Piliocolobus tephrosceles,29,36,25.01
807,GRPGAPGPAGAR,2,0,1095.55833315849,150,161,0,Piliocolobus,Piliocolobus tephrosceles,11,33,54.71
808,GRPGAPGPAGAR,1,0,1079.56342291832,150,161,0,Piliocolobus,Piliocolobus tephrosceles,11,33,43.65
809,GRPGAPGPAGAR,0,0,1063.56851267815,150,161,0,Piliocolobus,Piliocolobus tephrosceles,11,33,29.0
810,GLPGERGRPGAPGPAGAR,2,0,1704.88193500042,144,161,1,Piliocolobus,Piliocolobus tephrosceles,17,32,28.48
811,GLPGERGRPGAPGPAGAR,3,0,1720.87684524059,144,161,1,Piliocolobus,Piliocolobus tephrosceles,17,32,23.09
812,GEPGSPGENGAPGQMGPRGLPGER,3,0,2352.0564892292,126,149,1,Piliocolobus,Piliocolobus tephrosceles,23,30,1.4
813,GEPGSPGENGAPGQMGPR,3,0,1742.73288738728,126,143,0,Piliocolobus,Piliocolobus tephrosceles,17,29,90.41
814,GEPGSPGENGAPGQMGPR,3,1,1743.71689772606,126,143,0,Piliocolobus,Piliocolobus tephrosceles,17,29,88.08
815,GEPGSPGENGAPGQMGPR,4,1,1759.71180796623,126,143,0,Piliocolobus,Piliocolobus tephrosceles,17,29,84.32
816,GEPGSPGENGAPGQMGPR,3,2,1744.70090806484,126,143,0,Piliocolobus,Piliocolobus tephrosceles,17,29,79.02
817,GEPGSPGENGAPGQMGPR,4,0,1758.72779762745,126,143,0,Piliocolobus,Piliocolobus tephrosceles,17,29,73.58
818,GEPGSPGENGAPGQMGPR,4,2,1760.69581830502,126,143,0,Piliocolobus,Piliocolobus tephrosceles,17,29,69.52
819,GEPGSPGENGAPGQMGPR,5,0,1774.72270786762,126,143,0,Piliocolobus,Piliocolobus tephrosceles,17,29,61.0
820,GEPGSPGENGAPGQMGPR,2,1,1727.72198748589,126,143,0,Piliocolobus,Piliocolobus tephrosceles,17,29,32.02
821,GEPGSPGENGAPGQMGPR,5,1,1775.70671820641,126,143,0,Piliocolobus,Piliocolobus tephrosceles,17,29,29.97
822,GEPGSPGENGAPGQMGPR,2,0,1726.7379771471,126,143,0,Piliocolobus,Piliocolobus tephrosceles,17,29,26.71
823,GEPGSPGENGAPGQMGPR,0,1,1695.73216700554,126,143,0,Piliocolobus,Piliocolobus tephrosceles,17,29,2.25
824,GDAGPAGPKGEPGSPGENGAPGQMGPR,3,1,2494.08311033249,117,143,1,Piliocolobus,Piliocolobus tephrosceles,26,27,63.16
825,GDAGPAGPKGEPGSPGENGAPGQMGPR,4,0,2509.09401023388,117,143,1,Piliocolobus,Piliocolobus tephrosceles,26,27,51.41
826,GDAGPAGPKGEPGSPGENGAPGQMGPR,5,1,2526.07293081284,117,143,1,Piliocolobus,Piliocolobus tephrosceles,26,27,49.61
827,GDAGPAGPKGEPGSPGENGAPGQMGPR,4,1,2510.07802057266,117,143,1,Piliocolobus,Piliocolobus tephrosceles,26,27,46.32
828,GDAGPAGPKGEPGSPGENGAPGQMGPR,3,0,2493.09909999371,117,143,1,Piliocolobus,Piliocolobus tephrosceles,26,27,46.3
829,GDAGPAGPKGEPGSPGENGAPGQMGPR,5,0,2525.08892047405,117,143,1,Piliocolobus,Piliocolobus tephrosceles,26,27,39.95
830,GDAGPAGPKGEPGSPGENGAPGQMGPR,5,2,2527.05694115162,117,143,1,Piliocolobus,Piliocolobus tephrosceles,26,27,37.04
831,GDAGPAGPKGEPGSPGENGAPGQMGPR,4,2,2511.06203091145,117,143,1,Piliocolobus,Piliocolobus tephrosceles,26,27,35.95
832,GDAGPAGPKGEPGSPGENGAPGQMGPR,6,1,2542.06784105301,117,143,1,Piliocolobus,Piliocolobus tephrosceles,26,27,33.92
833,GDAGPAGPKGEPGSPGENGAPGQMGPR,3,2,2495.06712067127,117,143,1,Piliocolobus,Piliocolobus tephrosceles,26,27,33.77
834,GDAGPAGPKGEPGSPGENGAPGQMGPR,2,0,2477.10418975353,117,143,1,Piliocolobus,Piliocolobus tephrosceles,26,27,0.33
835,GFSGLDGAKGDAGPAGPK,1,0,1617.7797961235,108,125,1,Piliocolobus,Piliocolobus tephrosceles,17,24,79.88
836,GFSGLDGAKGDAGPAGPK,0,0,1601.78488588333,108,125,1,Piliocolobus,Piliocolobus tephrosceles,17,24,78.62
837,GFSGLDGAK,1,0,867.413583517075,108,116,0,Piliocolobus,Piliocolobus tephrosceles,8,23,46.11
838,GFSGLDGAK,0,0,851.418673276901,108,116,0,Piliocolobus,Piliocolobus tephrosceles,8,23,41.79
839,GHRGFSGLDGAK,0,0,1201.60022354126,105,116,1,Piliocolobus,Piliocolobus tephrosceles,11,21,56.24
840,GLPGTAGLPGMKGHR,4,0,1512.75180566311,93,107,1,Piliocolobus,Piliocolobus tephrosceles,14,19,9.47
841,GLPGTAGLPGMKGHR,3,0,1496.75689542294,93,107,1,Piliocolobus,Piliocolobus tephrosceles,14,19,8.18
842,GLPGTAGLPGMKGHR,2,0,1480.76198518276,93,107,1,Piliocolobus,Piliocolobus tephrosceles,14,19,2.93
843,GLPGTAGLPGMK,2,0,1130.5804349184,93,104,0,Piliocolobus,Piliocolobus tephrosceles,11,18,50.66
844,GLPGTAGLPGMK,3,0,1146.57534515858,93,104,0,Piliocolobus,Piliocolobus tephrosceles,11,18,37.56
845,GLPGTAGLPGMK,4,0,1162.57025539875,93,104,0,Piliocolobus,Piliocolobus tephrosceles,11,18,22.27
846,GPPGPQGAR,1,0,852.425142645836,84,92,0,Piliocolobus,Piliocolobus tephrosceles,8,16,39.1
847,GPPGPQGAR,1,1,853.409152984619,84,92,0,Piliocolobus,Piliocolobus tephrosceles,8,16,25.26
848,GPPGPQGAR,0,1,837.414242744446,84,92,0,Piliocolobus,Piliocolobus tephrosceles,8,16,2.93
849,GPPGPQGAR,0,0,836.430232405663,84,92,0,Piliocolobus,Piliocolobus tephrosceles,8,16,1.92
850,NGDDGEAGKPGRPGER,1,0,1627.73491597176,68,83,0,Piliocolobus,Piliocolobus tephrosceles,15,10,45.54
851,NGDDGEAGKPGRPGER,1,1,1628.71892631054,68,83,0,Piliocolobus,Piliocolobus tephrosceles,15,10,41.7
852,NGDDGEAGKPGRPGER,2,1,1644.71383655071,68,83,0,Piliocolobus,Piliocolobus tephrosceles,15,10,31.64
853,NGDDGEAGKPGRPGER,2,0,1643.72982621193,68,83,0,Piliocolobus,Piliocolobus tephrosceles,15,10,27.09
854,GLPGPPGAPGPQGFQGPPGEPGEPGASGPMGPR,8,0,3132.38967251778,27,59,0,Piliocolobus,Piliocolobus tephrosceles,32,6,25.15
855,GLPGPPGAPGPQGFQGPPGEPGEPGASGPMGPR,3,1,3053.39913165569,27,59,0,Piliocolobus,Piliocolobus tephrosceles,32,6,25.04
856,GLPGPPGAPGPQGFQGPPGEPGEPGASGPMGPR,7,0,3116.3947622776,27,59,0,Piliocolobus,Piliocolobus tephrosceles,32,6,23.88
857,GLPGPPGAPGPQGFQGPPGEPGEPGASGPMGPR,6,0,3100.39985203743,27,59,0,Piliocolobus,Piliocolobus tephrosceles,32,6,23.18
858,GLPGPPGAPGPQGFQGPPGEPGEPGASGPMGPR,5,0,3084.40494179726,27,59,0,Piliocolobus,Piliocolobus tephrosceles,32,6,19.61
859,GLPGPPGAPGPQGFQGPPGEPGEPGASGPMGPR,6,1,3101.38386237621,27,59,0,Piliocolobus,Piliocolobus tephrosceles,32,6,19.6
860,GLPGPPGAPGPQGFQGPPGEPGEPGASGPMGPR,4,0,3068.41003155708,27,59,0,Piliocolobus,Piliocolobus tephrosceles,32,6,19.42
861,GLPGPPGAPGPQGFQGPPGEPGEPGASGPMGPR,5,1,3085.38895213604,27,59,0,Piliocolobus,Piliocolobus tephrosceles,32,6,15.91
862,GLPGPPGAPGPQGFQGPPGEPGEPGASGPMGPR,8,1,3133.37368285656,27,59,0,Piliocolobus,Piliocolobus tephrosceles,32,6,15.67
863,GLPGPPGAPGPQGFQGPPGEPGEPGASGPMGPR,3,0,3052.41512131691,27,59,0,Piliocolobus,Piliocolobus tephrosceles,32,6,12.76
864,GLPGPPGAPGPQGFQGPPGEPGEPGASGPMGPR,7,1,3117.37877261639,27,59,0,Piliocolobus,Piliocolobus tephrosceles,32,6,11.46
865,GLPGPPGAPGPQGFQGPPGEPGEPGASGPMGPR,2,1,3037.40422141552,27,59,0,Piliocolobus,Piliocolobus tephrosceles,32,6,0.11
866,STGGISVPGPMGPSGPR,0,0,1553.76713609695,10,26,0,Piliocolobus,Piliocolobus tephrosceles,16,5,75.41
867,STGGISVPGPMGPSGPR,3,0,1601.75186681747,10,26,0,Piliocolobus,Piliocolobus tephrosceles,16,5,50.41
868,STGGISVPGPMGPSGPR,2,0,1585.7569565773,10,26,0,Piliocolobus,Piliocolobus tephrosceles,16,5,46.04
869,STGGISVPGPMGPSGPR,1,0,1569.76204633713,10,26,0,Piliocolobus,Piliocolobus tephrosceles,16,5,37.95
870,QLSYGYDEKSTGGISVPGPMGPSGPR,2,1,2670.22848129272,1,26,1,Piliocolobus,Piliocolobus tephrosceles,25,3,38.47
871,QLSYGYDEK,0,0,1102.49808466434,1,9,0,Piliocolobus,Piliocolobus tephrosceles,8,1,41.74
872,QLSYGYDEK,1,0,1118.49299490452,1,9,0,Piliocolobus,Piliocolobus tephrosceles,8,1,38.97
