,pep_seq,hyd_count,deam_count,mass1,pep_start,pep_end,missed.cleaves,CLASS,SUBCLASS,INFRACLASS,ORDER,FAMILY,GENUS,SPECIES,pep_diff,pep_id,pep_score
0,TGHPGTVGPAGIR,1,0,1235.64211392403,2049,2061,0,Mammalia,Theria,Eutheria,Carnivora,Mustelidae,Lontra,Lontra canadensis,12,337,44.64
1,DGRTGHPGTVGPAGIR,1,0,1563.79168486595,2046,2061,1,Mammalia,Theria,Eutheria,Carnivora,Mustelidae,Lontra,Lontra canadensis,15,336,51.0
2,DGRTGHPGTVGPAGIR,0,0,1547.79677462578,2046,2061,1,Mammalia,Theria,Eutheria,Carnivora,Mustelidae,Lontra,Lontra canadensis,15,336,49.78
3,GPAGPSGPAGKDGR,1,0,1239.60061430931,2035,2048,1,Mammalia,Theria,Eutheria,Carnivora,Mustelidae,Lontra,Lontra canadensis,13,334,60.82
4,GPAGPSGPAGKDGR,0,0,1223.60570406914,2035,2048,1,Mammalia,Theria,Eutheria,Carnivora,Mustelidae,Lontra,Lontra canadensis,13,334,32.64
5,GPAGPSGPAGK,0,0,895.456133127213,2035,2045,0,Mammalia,Theria,Eutheria,Carnivora,Mustelidae,Lontra,Lontra canadensis,10,333,51.12
6,GPAGPSGPAGK,2,0,927.445953607559,2035,2045,0,Mammalia,Theria,Eutheria,Carnivora,Mustelidae,Lontra,Lontra canadensis,10,333,40.53
7,GPAGPSGPAGK,1,0,911.451043367386,2035,2045,0,Mammalia,Theria,Eutheria,Carnivora,Mustelidae,Lontra,Lontra canadensis,10,333,27.67
8,GHNGLQGLPGLAGQHGDQGAPGSVGPAGPR,1,1,2776.34426903725,2005,2034,0,Mammalia,Theria,Eutheria,Carnivora,Mustelidae,Lontra,Lontra canadensis,29,332,30.4
9,GHNGLQGLPGLAGQHGDQGAPGSVGPAGPR,2,3,2794.30719995499,2005,2034,0,Mammalia,Theria,Eutheria,Carnivora,Mustelidae,Lontra,Lontra canadensis,29,332,18.26
10,GHNGLQGLPGLAGQHGDQGAPGSVGPAGPR,2,0,2791.35516893864,2005,2034,0,Mammalia,Theria,Eutheria,Carnivora,Mustelidae,Lontra,Lontra canadensis,29,332,10.83
11,GHNGLQGLPGLAGQHGDQGAPGSVGPAGPR,2,2,2793.3231896162,2005,2034,0,Mammalia,Theria,Eutheria,Carnivora,Mustelidae,Lontra,Lontra canadensis,29,332,6.95
12,GLPGLKGHNGLQGLPGLAGQHGDQGAPGSVGPAGPR,1,4,3344.65526175499,1999,2034,1,Mammalia,Theria,Eutheria,Carnivora,Mustelidae,Lontra,Lontra canadensis,35,331,20.48
13,GLPGLKGHNGLQGLPGLAGQHGDQGAPGSVGPAGPR,0,2,3326.69233083725,1999,2034,1,Mammalia,Theria,Eutheria,Carnivora,Mustelidae,Lontra,Lontra canadensis,35,331,7.85
14,GLPGLKGHNGLQGLPGLAGQHGDQGAPGSVGPAGPR,1,3,3343.67125141621,1999,2034,1,Mammalia,Theria,Eutheria,Carnivora,Mustelidae,Lontra,Lontra canadensis,35,331,5.16
15,GLPGLKGHNGLQGLPGLAGQHGDQGAPGSVGPAGPR,5,3,3407.6508923769,1999,2034,1,Mammalia,Theria,Eutheria,Carnivora,Mustelidae,Lontra,Lontra canadensis,35,331,3.38
16,GDKGEPGDK,1,0,918.409214138985,1987,1995,1,Mammalia,Theria,Eutheria,Carnivora,Mustelidae,Lontra,Lontra canadensis,8,329,33.8
17,GEPGDKGPR,1,0,928.441193461418,1990,1998,1,Mammalia,Theria,Eutheria,Carnivora,Mustelidae,Lontra,Lontra canadensis,8,329,33.8
18,GDKGEPGDK,0,0,902.414303898811,1987,1995,1,Mammalia,Theria,Eutheria,Carnivora,Mustelidae,Lontra,Lontra canadensis,8,329,16.48
19,GPSGPQGVRGDK,0,0,1154.58423388004,1978,1989,1,Mammalia,Theria,Eutheria,Carnivora,Mustelidae,Lontra,Lontra canadensis,11,325,9.3
20,GPSGPQGVRGDK,1,0,1170.57914412022,1978,1989,1,Mammalia,Theria,Eutheria,Carnivora,Mustelidae,Lontra,Lontra canadensis,11,325,9.06
21,GPSGPQGVRGDK,1,1,1171.563154459,1978,1989,1,Mammalia,Theria,Eutheria,Carnivora,Mustelidae,Lontra,Lontra canadensis,11,325,5.51
22,GPSGPQGVRGDK,0,1,1155.56824421883,1978,1989,1,Mammalia,Theria,Eutheria,Carnivora,Mustelidae,Lontra,Lontra canadensis,11,325,2.46
23,GPSGPQGVR,0,0,854.440802693367,1978,1986,0,Mammalia,Theria,Eutheria,Carnivora,Mustelidae,Lontra,Lontra canadensis,8,324,44.08
24,GPSGPQGVR,0,1,855.42481303215,1978,1986,0,Mammalia,Theria,Eutheria,Carnivora,Mustelidae,Lontra,Lontra canadensis,8,324,25.58
25,GPSGPQGVR,1,0,870.43571293354,1978,1986,0,Mammalia,Theria,Eutheria,Carnivora,Mustelidae,Lontra,Lontra canadensis,8,324,8.18
26,GEPGPAGSVGPVGAAGPRGPSGPQGVR,1,0,2384.19978785515,1960,1986,1,Mammalia,Theria,Eutheria,Carnivora,Mustelidae,Lontra,Lontra canadensis,26,323,10.77
27,GEPGPAGSVGPVGAAGPR,1,0,1548.76955544949,1960,1977,0,Mammalia,Theria,Eutheria,Carnivora,Mustelidae,Lontra,Lontra canadensis,17,322,86.48
28,GEPGPAGSVGPVGAAGPR,2,0,1564.76446568966,1960,1977,0,Mammalia,Theria,Eutheria,Carnivora,Mustelidae,Lontra,Lontra canadensis,17,322,37.5
29,HGNRGEPGPAGSVGPVGAAGPR,1,0,2012.99404609203,1956,1977,1,Mammalia,Theria,Eutheria,Carnivora,Mustelidae,Lontra,Lontra canadensis,21,321,69.87
30,HGNRGEPGPAGSVGPVGAAGPR,1,1,2013.97805643082,1956,1977,1,Mammalia,Theria,Eutheria,Carnivora,Mustelidae,Lontra,Lontra canadensis,21,321,59.99
31,HGNRGEPGPAGSVGPVGAAGPR,3,0,2044.98386657238,1956,1977,1,Mammalia,Theria,Eutheria,Carnivora,Mustelidae,Lontra,Lontra canadensis,21,321,6.93
32,HGNRGEPGPAGSVGPVGAAGPR,3,1,2045.96787691116,1956,1977,1,Mammalia,Theria,Eutheria,Carnivora,Mustelidae,Lontra,Lontra canadensis,21,321,5.97
33,HGNRGEPGPAGSVGPVGAAGPR,2,1,2029.97296667099,1956,1977,1,Mammalia,Theria,Eutheria,Carnivora,Mustelidae,Lontra,Lontra canadensis,21,321,2.52
34,GYPGNIGSVGAVGAPGPHGPVGPTGK,2,0,2332.16127800941,1930,1955,0,Mammalia,Theria,Eutheria,Carnivora,Mustelidae,Lontra,Lontra canadensis,25,319,87.12
35,GYPGNIGSVGAVGAPGPHGPVGPTGK,4,0,2364.15109848976,1930,1955,0,Mammalia,Theria,Eutheria,Carnivora,Mustelidae,Lontra,Lontra canadensis,25,319,50.98
36,GYPGNIGSVGAVGAPGPHGPVGPTGK,2,1,2333.1452883482,1930,1955,0,Mammalia,Theria,Eutheria,Carnivora,Mustelidae,Lontra,Lontra canadensis,25,319,45.9
37,GYPGNIGSVGAVGAPGPHGPVGPTGK,5,0,2380.14600872993,1930,1955,0,Mammalia,Theria,Eutheria,Carnivora,Mustelidae,Lontra,Lontra canadensis,25,319,21.05
38,GYPGNIGSVGAVGAPGPHGPVGPTGK,3,0,2348.15618824959,1930,1955,0,Mammalia,Theria,Eutheria,Carnivora,Mustelidae,Lontra,Lontra canadensis,25,319,1.6
39,DGQPGHKGER,1,1,1097.48994398117,1920,1929,1,Mammalia,Theria,Eutheria,Carnivora,Mustelidae,Lontra,Lontra canadensis,9,316,57.41
40,DGQPGHKGER,2,0,1112.50084388256,1920,1929,1,Mammalia,Theria,Eutheria,Carnivora,Mustelidae,Lontra,Lontra canadensis,9,316,34.64
41,DGQPGHKGER,1,0,1096.50593364239,1920,1929,1,Mammalia,Theria,Eutheria,Carnivora,Mustelidae,Lontra,Lontra canadensis,9,316,28.77
42,DGQPGHKGER,0,0,1080.51102340221,1920,1929,1,Mammalia,Theria,Eutheria,Carnivora,Mustelidae,Lontra,Lontra canadensis,9,316,18.14
43,DGNPGNDGPPGRDGQPGHK,2,0,1903.82079672813,1908,1926,1,Mammalia,Theria,Eutheria,Carnivora,Mustelidae,Lontra,Lontra canadensis,18,314,8.78
44,DGNPGNDGPPGR,1,0,1168.49066436291,1908,1919,0,Mammalia,Theria,Eutheria,Carnivora,Mustelidae,Lontra,Lontra canadensis,11,313,62.97
45,DGNPGNDGPPGR,1,1,1169.47467470169,1908,1919,0,Mammalia,Theria,Eutheria,Carnivora,Mustelidae,Lontra,Lontra canadensis,11,313,43.68
46,DGNPGNDGPPGR,0,0,1152.49575412273,1908,1919,0,Mammalia,Theria,Eutheria,Carnivora,Mustelidae,Lontra,Lontra canadensis,11,313,40.64
47,DGNPGNDGPPGR,2,1,1185.46958494186,1908,1919,0,Mammalia,Theria,Eutheria,Carnivora,Mustelidae,Lontra,Lontra canadensis,11,313,32.37
48,DGNPGNDGPPGR,0,1,1153.47976446152,1908,1919,0,Mammalia,Theria,Eutheria,Carnivora,Mustelidae,Lontra,Lontra canadensis,11,313,7.48
49,GPPGAVGAPGVNGAPGEAGRDGNPGNDGPPGR,2,0,2853.3191498518,1888,1919,1,Mammalia,Theria,Eutheria,Carnivora,Mustelidae,Lontra,Lontra canadensis,31,311,42.56
50,GPPGAVGAPGVNGAPGEAGRDGNPGNDGPPGR,5,1,2902.2878909111,1888,1919,1,Mammalia,Theria,Eutheria,Carnivora,Mustelidae,Lontra,Lontra canadensis,31,311,35.2
51,GPPGAVGAPGVNGAPGEAGRDGNPGNDGPPGR,3,1,2870.29807043076,1888,1919,1,Mammalia,Theria,Eutheria,Carnivora,Mustelidae,Lontra,Lontra canadensis,31,311,34.81
52,GPPGAVGAPGVNGAPGEAGRDGNPGNDGPPGR,4,0,2885.30897033215,1888,1919,1,Mammalia,Theria,Eutheria,Carnivora,Mustelidae,Lontra,Lontra canadensis,31,311,23.32
53,GPPGAVGAPGVNGAPGEAGRDGNPGNDGPPGR,5,2,2903.27190124989,1888,1919,1,Mammalia,Theria,Eutheria,Carnivora,Mustelidae,Lontra,Lontra canadensis,31,311,14.48
54,GPPGAVGAPGVNGAPGEAGRDGNPGNDGPPGR,3,0,2869.31406009197,1888,1919,1,Mammalia,Theria,Eutheria,Carnivora,Mustelidae,Lontra,Lontra canadensis,31,311,13.86
55,GPPGAVGAPGVNGAPGEAGRDGNPGNDGPPGR,4,1,2886.29298067093,1888,1919,1,Mammalia,Theria,Eutheria,Carnivora,Mustelidae,Lontra,Lontra canadensis,31,311,7.4
56,GPPGAVGAPGVNGAPGEAGRDGNPGNDGPPGR,2,1,2854.30316019058,1888,1919,1,Mammalia,Theria,Eutheria,Carnivora,Mustelidae,Lontra,Lontra canadensis,31,311,1.36
57,GPPGAVGAPGVNGAPGEAGR,2,0,1719.83396601677,1888,1907,0,Mammalia,Theria,Eutheria,Carnivora,Mustelidae,Lontra,Lontra canadensis,19,310,78.69
58,GLPGVSGSVGEPGPLGIAGPPGAR,3,0,2147.10234797001,1864,1887,0,Mammalia,Theria,Eutheria,Carnivora,Mustelidae,Lontra,Lontra canadensis,23,308,136.03
59,GLPGVSGSVGEPGPLGIAGPPGAR,2,0,2131.10743772984,1864,1887,0,Mammalia,Theria,Eutheria,Carnivora,Mustelidae,Lontra,Lontra canadensis,23,308,99.65
60,GLPGVSGSVGEPGPLGIAGPPGAR,4,0,2163.09725821018,1864,1887,0,Mammalia,Theria,Eutheria,Carnivora,Mustelidae,Lontra,Lontra canadensis,23,308,67.52
61,GERGLPGVSGSVGEPGPLGIAGPPGAR,3,0,2489.26757895947,1861,1887,1,Mammalia,Theria,Eutheria,Carnivora,Mustelidae,Lontra,Lontra canadensis,26,307,80.92
62,GPSGEPGTAGPPGTPGPQGLLGAPGILGLPGSRGER,5,0,3341.66550242901,1828,1863,1,Mammalia,Theria,Eutheria,Carnivora,Mustelidae,Lontra,Lontra canadensis,35,306,52.14
63,GPSGEPGTAGPPGTPGPQGLLGAPGILGLPGSR,5,0,2999.50027143955,1828,1860,0,Mammalia,Theria,Eutheria,Carnivora,Mustelidae,Lontra,Lontra canadensis,32,305,36.36
64,GPSGEPGTAGPPGTPGPQGLLGAPGILGLPGSR,4,0,2983.50536119938,1828,1860,0,Mammalia,Theria,Eutheria,Carnivora,Mustelidae,Lontra,Lontra canadensis,32,305,29.12
65,GPSGEPGTAGPPGTPGPQGLLGAPGILGLPGSR,3,0,2967.51045095921,1828,1860,0,Mammalia,Theria,Eutheria,Carnivora,Mustelidae,Lontra,Lontra canadensis,32,305,11.36
66,GPSGEPGTAGPPGTPGPQGLLGAPGILGLPGSR,4,1,2984.48937153816,1828,1860,0,Mammalia,Theria,Eutheria,Carnivora,Mustelidae,Lontra,Lontra canadensis,32,305,5.97
67,GPSGEPGTAGPPGTPGPQGLLGAPGILGLPGSR,5,1,3000.48428177834,1828,1860,0,Mammalia,Theria,Eutheria,Carnivora,Mustelidae,Lontra,Lontra canadensis,32,305,3.78
68,TGETGAHGPPGFAGEK,1,0,1528.69568574429,1812,1827,0,Mammalia,Theria,Eutheria,Carnivora,Mustelidae,Lontra,Lontra canadensis,15,304,63.23
69,TGETGAHGPPGFAGEK,2,0,1544.69059598446,1812,1827,0,Mammalia,Theria,Eutheria,Carnivora,Mustelidae,Lontra,Lontra canadensis,15,304,34.29
70,GPRGDQGPVGR,2,0,1127.54815363884,1801,1811,1,Mammalia,Theria,Eutheria,Carnivora,Mustelidae,Lontra,Lontra canadensis,10,301,10.64
71,TGPPGPSGITGPPGPPGAAGKEGLR,3,0,2273.1452883482,1776,1800,1,Mammalia,Theria,Eutheria,Carnivora,Mustelidae,Lontra,Lontra canadensis,24,297,6.52
72,TGPPGPSGITGPPGPPGAAGK,4,0,1833.8908572197,1776,1796,0,Mammalia,Theria,Eutheria,Carnivora,Mustelidae,Lontra,Lontra canadensis,20,296,45.03
73,TGPPGPSGITGPPGPPGAAGK,3,0,1817.89594697952,1776,1796,0,Mammalia,Theria,Eutheria,Carnivora,Mustelidae,Lontra,Lontra canadensis,20,296,28.71
74,GDGGPPGATGFPGAAGR,1,0,1457.66978502274,1759,1775,0,Mammalia,Theria,Eutheria,Carnivora,Mustelidae,Lontra,Lontra canadensis,16,295,86.43
75,GDGGPPGATGFPGAAGR,2,0,1473.66469526291,1759,1775,0,Mammalia,Theria,Eutheria,Carnivora,Mustelidae,Lontra,Lontra canadensis,16,295,81.92
76,GENGPVGPTGPVGSAGPSGPNGPPGPAGSR,1,1,2598.21113967896,1729,1758,0,Mammalia,Theria,Eutheria,Carnivora,Mustelidae,Lontra,Lontra canadensis,29,294,70.58
77,GENGPVGPTGPVGSAGPSGPNGPPGPAGSR,1,0,2597.22712934017,1729,1758,0,Mammalia,Theria,Eutheria,Carnivora,Mustelidae,Lontra,Lontra canadensis,29,294,59.39
78,GENGPVGPTGPVGSAGPSGPNGPPGPAGSR,1,2,2599.19515001774,1729,1758,0,Mammalia,Theria,Eutheria,Carnivora,Mustelidae,Lontra,Lontra canadensis,29,294,41.76
79,GENGPVGPTGPVGSAGPSGPNGPPGPAGSR,3,0,2629.21694982052,1729,1758,0,Mammalia,Theria,Eutheria,Carnivora,Mustelidae,Lontra,Lontra canadensis,29,294,2.47
80,GPKGENGPVGPTGPVGSAGPSGPNGPPGPAGSR,2,0,2895.39131033421,1726,1758,1,Mammalia,Theria,Eutheria,Carnivora,Mustelidae,Lontra,Lontra canadensis,32,293,81.31
81,GPKGENGPVGPTGPVGSAGPSGPNGPPGPAGSR,2,1,2896.37532067299,1726,1758,1,Mammalia,Theria,Eutheria,Carnivora,Mustelidae,Lontra,Lontra canadensis,32,293,77.11
82,GPKGENGPVGPTGPVGSAGPSGPNGPPGPAGSR,1,1,2880.38041043282,1726,1758,1,Mammalia,Theria,Eutheria,Carnivora,Mustelidae,Lontra,Lontra canadensis,32,293,15.72
83,GPKGENGPVGPTGPVGSAGPSGPNGPPGPAGSR,0,1,2864.38550019264,1726,1758,1,Mammalia,Theria,Eutheria,Carnivora,Mustelidae,Lontra,Lontra canadensis,32,293,8.46
84,GEVGPAGPNGFAGPAGAAGQPGAKGER,2,2,2411.11540901661,1696,1722,1,Mammalia,Theria,Eutheria,Carnivora,Mustelidae,Lontra,Lontra canadensis,26,289,54.36
85,GEVGPAGPNGFAGPAGAAGQPGAKGER,2,0,2409.14738833904,1696,1722,1,Mammalia,Theria,Eutheria,Carnivora,Mustelidae,Lontra,Lontra canadensis,26,289,35.32
86,GEVGPAGPNGFAGPAGAAGQPGAKGER,1,0,2393.15247809887,1696,1722,1,Mammalia,Theria,Eutheria,Carnivora,Mustelidae,Lontra,Lontra canadensis,26,289,32.4
87,GEVGPAGPNGFAGPAGAAGQPGAKGER,0,1,2378.14157819748,1696,1722,1,Mammalia,Theria,Eutheria,Carnivora,Mustelidae,Lontra,Lontra canadensis,26,289,4.57
88,GEVGPAGPNGFAGPAGAAGQPGAKGER,2,1,2410.13139867783,1696,1722,1,Mammalia,Theria,Eutheria,Carnivora,Mustelidae,Lontra,Lontra canadensis,26,289,2.45
89,GEVGPAGPNGFAGPAGAAGQPGAK,0,1,2035.97634720802,1696,1719,0,Mammalia,Theria,Eutheria,Carnivora,Mustelidae,Lontra,Lontra canadensis,23,288,87.76
90,GEVGPAGPNGFAGPAGAAGQPGAK,0,0,2034.99233686924,1696,1719,0,Mammalia,Theria,Eutheria,Carnivora,Mustelidae,Lontra,Lontra canadensis,23,288,73.24
91,GEVGPAGPNGFAGPAGAAGQPGAK,0,2,2036.96035754681,1696,1719,0,Mammalia,Theria,Eutheria,Carnivora,Mustelidae,Lontra,Lontra canadensis,23,288,47.91
92,GEVGPAGPNGFAGPAGAAGQPGAK,1,1,2051.9712574482,1696,1719,0,Mammalia,Theria,Eutheria,Carnivora,Mustelidae,Lontra,Lontra canadensis,23,288,43.6
93,GEVGPAGPNGFAGPAGAAGQPGAK,1,0,2050.98724710941,1696,1719,0,Mammalia,Theria,Eutheria,Carnivora,Mustelidae,Lontra,Lontra canadensis,23,288,37.42
94,GEVGPAGPNGFAGPAGAAGQPGAK,1,2,2052.95526778698,1696,1719,0,Mammalia,Theria,Eutheria,Carnivora,Mustelidae,Lontra,Lontra canadensis,23,288,15.03
95,GSPGERGEVGPAGPNGFAGPAGAAGQPGAK,2,0,2650.25368928909,1690,1719,1,Mammalia,Theria,Eutheria,Carnivora,Mustelidae,Lontra,Lontra canadensis,29,286,60.01
96,GSPGERGEVGPAGPNGFAGPAGAAGQPGAK,2,1,2651.23769962788,1690,1719,1,Mammalia,Theria,Eutheria,Carnivora,Mustelidae,Lontra,Lontra canadensis,29,286,35.09
97,GSPGERGEVGPAGPNGFAGPAGAAGQPGAK,3,0,2666.24859952927,1690,1719,1,Mammalia,Theria,Eutheria,Carnivora,Mustelidae,Lontra,Lontra canadensis,29,286,32.28
98,GEAGPAGPAGPAGPRGSPGER,1,0,1860.88780629635,1675,1695,1,Mammalia,Theria,Eutheria,Carnivora,Mustelidae,Lontra,Lontra canadensis,20,285,10.48
99,GEAGPAGPAGPAGPR,0,0,1261.62136411667,1675,1689,0,Mammalia,Theria,Eutheria,Carnivora,Mustelidae,Lontra,Lontra canadensis,14,284,76.52
100,GEAGPAGPAGPAGPR,1,0,1277.61627435684,1675,1689,0,Mammalia,Theria,Eutheria,Carnivora,Mustelidae,Lontra,Lontra canadensis,14,284,34.24
101,GAPGAVGAPGPAGATGDRGEAGPAGPAGPAGPR,2,0,2753.32827937603,1657,1689,1,Mammalia,Theria,Eutheria,Carnivora,Mustelidae,Lontra,Lontra canadensis,32,283,59.7
102,GAPGAVGAPGPAGATGDRGEAGPAGPAGPAGPR,3,0,2769.3231896162,1657,1689,1,Mammalia,Theria,Eutheria,Carnivora,Mustelidae,Lontra,Lontra canadensis,32,283,21.89
103,GAPGAVGAPGPAGATGDRGEAGPAGPAGPAGPR,4,0,2785.31809985638,1657,1689,1,Mammalia,Theria,Eutheria,Carnivora,Mustelidae,Lontra,Lontra canadensis,32,283,12.94
104,GAPGAVGAPGPAGATGDR,2,0,1510.71748554707,1657,1674,0,Mammalia,Theria,Eutheria,Carnivora,Mustelidae,Lontra,Lontra canadensis,17,282,79.68
105,GAPGAVGAPGPAGATGDR,3,0,1526.71239578724,1657,1674,0,Mammalia,Theria,Eutheria,Carnivora,Mustelidae,Lontra,Lontra canadensis,17,282,68.54
106,GEVGNPGRDGAR,1,0,1200.56453406811,1645,1656,1,Mammalia,Theria,Eutheria,Carnivora,Mustelidae,Lontra,Lontra canadensis,11,280,19.96
107,GEVGNPGRDGAR,1,1,1201.54854440689,1645,1656,1,Mammalia,Theria,Eutheria,Carnivora,Mustelidae,Lontra,Lontra canadensis,11,280,17.3
108,GEVGNPGRDGAR,0,0,1184.56962382793,1645,1656,1,Mammalia,Theria,Eutheria,Carnivora,Mustelidae,Lontra,Lontra canadensis,11,280,14.59
109,GETGLRGEVGNPGR,0,0,1398.70143473148,1639,1652,1,Mammalia,Theria,Eutheria,Carnivora,Mustelidae,Lontra,Lontra canadensis,13,277,38.01
110,GETGLRGEVGNPGR,1,0,1414.69634497166,1639,1652,1,Mammalia,Theria,Eutheria,Carnivora,Mustelidae,Lontra,Lontra canadensis,13,277,36.22
111,GETGLRGEVGNPGR,1,1,1415.68035531044,1639,1652,1,Mammalia,Theria,Eutheria,Carnivora,Mustelidae,Lontra,Lontra canadensis,13,277,21.33
112,GETGLRGEVGNPGR,0,1,1399.68544507027,1639,1652,1,Mammalia,Theria,Eutheria,Carnivora,Mustelidae,Lontra,Lontra canadensis,13,277,12.7
113,GEKGETGLR,1,0,962.483083844185,1636,1644,1,Mammalia,Theria,Eutheria,Carnivora,Mustelidae,Lontra,Lontra canadensis,8,276,31.81
114,GAAGVPGGKGEK,2,0,1059.53587412834,1627,1638,1,Mammalia,Theria,Eutheria,Carnivora,Mustelidae,Lontra,Lontra canadensis,11,273,15.58
115,GEPGVLGAPGTAGPSGPGGLPGER,3,0,2135.02952826023,1603,1626,0,Mammalia,Theria,Eutheria,Carnivora,Mustelidae,Lontra,Lontra canadensis,23,271,55.87
116,GPSGPPGPDGNKGEPGVLGAPGTAGPSGPGGLPGER,3,0,3195.52351200581,1591,1626,1,Mammalia,Theria,Eutheria,Carnivora,Mustelidae,Lontra,Lontra canadensis,35,269,65.39
117,GPSGPPGPDGNKGEPGVLGAPGTAGPSGPGGLPGER,3,1,3196.50752234459,1591,1626,1,Mammalia,Theria,Eutheria,Carnivora,Mustelidae,Lontra,Lontra canadensis,35,269,30.96
118,GPSGPPGPDGNKGEPGVLGAPGTAGPSGPGGLPGER,4,1,3212.50243258476,1591,1626,1,Mammalia,Theria,Eutheria,Carnivora,Mustelidae,Lontra,Lontra canadensis,35,269,28.96
119,GPSGPPGPDGNKGEPGVLGAPGTAGPSGPGGLPGER,4,0,3211.51842224598,1591,1626,1,Mammalia,Theria,Eutheria,Carnivora,Mustelidae,Lontra,Lontra canadensis,35,269,27.45
120,GPSGPPGPDGNKGEPGVLGAPGTAGPSGPGGLPGER,5,0,3227.51333248615,1591,1626,1,Mammalia,Theria,Eutheria,Carnivora,Mustelidae,Lontra,Lontra canadensis,35,269,18.17
121,GPSGPPGPDGNKGEPGVLGAPGTAGPSGPGGLPGER,2,0,3179.52860176563,1591,1626,1,Mammalia,Theria,Eutheria,Carnivora,Mustelidae,Lontra,Lontra canadensis,35,269,9.7
122,GPSGPPGPDGNKGEPGVLGAPGTAGPSGPGGLPGER,2,1,3180.51261210442,1591,1626,1,Mammalia,Theria,Eutheria,Carnivora,Mustelidae,Lontra,Lontra canadensis,35,269,1.58
123,GPSGPPGPDGNKGEPGVLGAPGTAGPSGPGGLPGER,6,0,3243.50824272633,1591,1626,1,Mammalia,Theria,Eutheria,Carnivora,Mustelidae,Lontra,Lontra canadensis,35,269,0.33
124,GPSGPPGPDGNK,1,0,1095.49946427345,1591,1602,0,Mammalia,Theria,Eutheria,Carnivora,Mustelidae,Lontra,Lontra canadensis,11,268,40.89
125,GPPGESGAVGPSGPIGSRGPSGPPGPDGNK,2,0,2671.26392996311,1573,1602,1,Mammalia,Theria,Eutheria,Carnivora,Mustelidae,Lontra,Lontra canadensis,29,267,3.23
126,GPPGESGAVGPSGPIGSR,1,0,1594.77503597736,1573,1590,0,Mammalia,Theria,Eutheria,Carnivora,Mustelidae,Lontra,Lontra canadensis,17,266,85.13
127,GPPGESGAVGPSGPIGSR,2,0,1610.76994621754,1573,1590,0,Mammalia,Theria,Eutheria,Carnivora,Mustelidae,Lontra,Lontra canadensis,17,266,45.45
128,GERGPPGESGAVGPSGPIGSR,1,0,1936.94026696682,1570,1590,1,Mammalia,Theria,Eutheria,Carnivora,Mustelidae,Lontra,Lontra canadensis,20,265,62.71
129,GERGPPGESGAVGPSGPIGSR,2,0,1952.93517720699,1570,1590,1,Mammalia,Theria,Eutheria,Carnivora,Mustelidae,Lontra,Lontra canadensis,20,265,28.98
130,GLPGEFGLPGPAGPRGER,3,0,1811.89660620689,1555,1572,1,Mammalia,Theria,Eutheria,Carnivora,Mustelidae,Lontra,Lontra canadensis,17,264,32.26
131,GEQGPAGPPGFQGLPGPAGTAGEVGKPGER,3,0,2820.34804034233,1525,1554,0,Mammalia,Theria,Eutheria,Carnivora,Mustelidae,Lontra,Lontra canadensis,29,262,58.32
132,GEQGPAGPPGFQGLPGPAGTAGEVGKPGER,3,1,2821.33205068111,1525,1554,0,Mammalia,Theria,Eutheria,Carnivora,Mustelidae,Lontra,Lontra canadensis,29,262,49.36
133,GEQGPAGPPGFQGLPGPAGTAGEVGKPGER,3,2,2822.3160610199,1525,1554,0,Mammalia,Theria,Eutheria,Carnivora,Mustelidae,Lontra,Lontra canadensis,29,262,26.26
134,GEQGPAGPPGFQGLPGPAGTAGEVGKPGER,2,0,2804.35313010216,1525,1554,0,Mammalia,Theria,Eutheria,Carnivora,Mustelidae,Lontra,Lontra canadensis,29,262,5.94
135,GEQGPAGPPGFQGLPGPAGTAGEVGKPGER,1,1,2789.34223020077,1525,1554,0,Mammalia,Theria,Eutheria,Carnivora,Mustelidae,Lontra,Lontra canadensis,29,262,4.92
136,GAPGPDGNNGAQGPPGPQGVQGGK,2,2,2147.95194840431,1501,1524,0,Mammalia,Theria,Eutheria,Carnivora,Mustelidae,Lontra,Lontra canadensis,23,260,74.14
137,GAPGPDGNNGAQGPPGPQGVQGGK,2,1,2146.96793806553,1501,1524,0,Mammalia,Theria,Eutheria,Carnivora,Mustelidae,Lontra,Lontra canadensis,23,260,48.63
138,GAPGPDGNNGAQGPPGPQGVQGGK,2,0,2145.98392772675,1501,1524,0,Mammalia,Theria,Eutheria,Carnivora,Mustelidae,Lontra,Lontra canadensis,23,260,46.52
139,GHAGLAGAR,0,0,809.430562019348,1492,1500,0,Mammalia,Theria,Eutheria,Carnivora,Mustelidae,Lontra,Lontra canadensis,8,259,19.85
140,GPTGDPGKPGEKGHAGLAGAR,1,0,1945.97700643539,1480,1500,1,Mammalia,Theria,Eutheria,Carnivora,Mustelidae,Lontra,Lontra canadensis,20,255,95.96
141,GPTGDPGKPGEKGHAGLAGAR,0,0,1929.98209619522,1480,1500,1,Mammalia,Theria,Eutheria,Carnivora,Mustelidae,Lontra,Lontra canadensis,20,255,37.12
142,GPTGDPGKPGEK,1,0,1155.55701470375,1480,1491,0,Mammalia,Theria,Eutheria,Carnivora,Mustelidae,Lontra,Lontra canadensis,11,254,31.28
143,GPTGDPGKPGEK,0,0,1139.56210446358,1480,1491,0,Mammalia,Theria,Eutheria,Carnivora,Mustelidae,Lontra,Lontra canadensis,11,254,1.22
144,GEPGNIGFPGPKGPTGDPGKPGEK,1,0,2306.13438844681,1468,1491,1,Mammalia,Theria,Eutheria,Carnivora,Mustelidae,Lontra,Lontra canadensis,23,252,2.17
145,GEPGNIGFPGPK,1,0,1185.58285427094,1468,1479,0,Mammalia,Theria,Eutheria,Carnivora,Mustelidae,Lontra,Lontra canadensis,11,251,0.85
146,EGPMGLPGIDGRPGPIGPAGAR,1,0,2088.05869746208,1446,1467,0,Mammalia,Theria,Eutheria,Carnivora,Mustelidae,Lontra,Lontra canadensis,21,247,40.47
147,EGPMGLPGIDGRPGPIGPAGAR,2,0,2104.05360770226,1446,1467,0,Mammalia,Theria,Eutheria,Carnivora,Mustelidae,Lontra,Lontra canadensis,21,247,38.98
148,EGPMGLPGIDGRPGPIGPAGAR,3,0,2120.04851794243,1446,1467,0,Mammalia,Theria,Eutheria,Carnivora,Mustelidae,Lontra,Lontra canadensis,21,247,36.84
149,EGPMGLPGIDGRPGPIGPAGAR,4,0,2136.0434281826,1446,1467,0,Mammalia,Theria,Eutheria,Carnivora,Mustelidae,Lontra,Lontra canadensis,21,247,22.95
150,EGPMGLPGIDGRPGPIGPAGAR,5,0,2152.03833842278,1446,1467,0,Mammalia,Theria,Eutheria,Carnivora,Mustelidae,Lontra,Lontra canadensis,21,247,0.12
151,GFPGAPGNIGPAGKEGPMGLPGIDGRPGPIGPAGAR,3,1,3341.66302192211,1432,1467,1,Mammalia,Theria,Eutheria,Carnivora,Mustelidae,Lontra,Lontra canadensis,35,245,25.48
152,GFPGAPGNIGPAGKEGPMGLPGIDGRPGPIGPAGAR,6,0,3388.66374230385,1432,1467,1,Mammalia,Theria,Eutheria,Carnivora,Mustelidae,Lontra,Lontra canadensis,35,245,7.03
153,GFPGAPGNIGPAGK,2,0,1271.63088440895,1432,1445,0,Mammalia,Theria,Eutheria,Carnivora,Mustelidae,Lontra,Lontra canadensis,13,243,87.34
154,GFPGAPGNIGPAGK,2,1,1272.61489474773,1432,1445,0,Mammalia,Theria,Eutheria,Carnivora,Mustelidae,Lontra,Lontra canadensis,13,243,76.33
155,GFPGAPGNIGPAGK,1,1,1256.61998450756,1432,1445,0,Mammalia,Theria,Eutheria,Carnivora,Mustelidae,Lontra,Lontra canadensis,13,243,6.03
156,GPSGDSGRPGEPGLMGPR,2,0,1755.80094695091,1414,1431,0,Mammalia,Theria,Eutheria,Carnivora,Mustelidae,Lontra,Lontra canadensis,17,238,42.7
157,GPSGDSGRPGEPGLMGPR,3,0,1771.79585719109,1414,1431,0,Mammalia,Theria,Eutheria,Carnivora,Mustelidae,Lontra,Lontra canadensis,17,238,38.95
158,GPSGDSGRPGEPGLMGPR,4,0,1787.79076743126,1414,1431,0,Mammalia,Theria,Eutheria,Carnivora,Mustelidae,Lontra,Lontra canadensis,17,238,14.12
159,GATGPAGVRGPSGDSGRPGEPGLMGPR,2,0,2522.20970916748,1405,1431,1,Mammalia,Theria,Eutheria,Carnivora,Mustelidae,Lontra,Lontra canadensis,26,236,6.83
160,AGVMGPPGPRGATGPAGVR,1,0,1720.88427579403,1395,1413,1,Mammalia,Theria,Eutheria,Carnivora,Mustelidae,Lontra,Lontra canadensis,18,234,15.34
161,AGVMGPPGPRGATGPAGVR,2,0,1736.8791860342,1395,1413,1,Mammalia,Theria,Eutheria,Carnivora,Mustelidae,Lontra,Lontra canadensis,18,234,8.2
162,AGVMGPPGPRGATGPAGVR,4,0,1768.86900651455,1395,1413,1,Mammalia,Theria,Eutheria,Carnivora,Mustelidae,Lontra,Lontra canadensis,18,234,4.59
163,AGVMGPPGPRGATGPAGVR,3,0,1752.87409627438,1395,1413,1,Mammalia,Theria,Eutheria,Carnivora,Mustelidae,Lontra,Lontra canadensis,18,234,4.38
164,AGVMGPPGPR,2,0,970.470423817635,1395,1404,0,Mammalia,Theria,Eutheria,Carnivora,Mustelidae,Lontra,Lontra canadensis,9,233,74.19
165,AGVMGPPGPR,1,0,954.475513577461,1395,1404,0,Mammalia,Theria,Eutheria,Carnivora,Mustelidae,Lontra,Lontra canadensis,9,233,51.11
166,AGVMGPPGPR,3,0,986.465334057808,1395,1404,0,Mammalia,Theria,Eutheria,Carnivora,Mustelidae,Lontra,Lontra canadensis,9,233,34.12
167,AGVMGPPGPR,4,0,1002.46024429798,1395,1404,0,Mammalia,Theria,Eutheria,Carnivora,Mustelidae,Lontra,Lontra canadensis,9,233,11.27
168,GLPGADGRAGVMGPPGPR,3,0,1709.83187627792,1387,1404,1,Mammalia,Theria,Eutheria,Carnivora,Mustelidae,Lontra,Lontra canadensis,17,232,12.68
169,GLPGADGRAGVMGPPGPR,2,0,1693.83696603775,1387,1404,1,Mammalia,Theria,Eutheria,Carnivora,Mustelidae,Lontra,Lontra canadensis,17,232,5.82
170,GLPGADGRAGVMGPPGPR,4,0,1725.8267865181,1387,1404,1,Mammalia,Theria,Eutheria,Carnivora,Mustelidae,Lontra,Lontra canadensis,17,232,4.47
171,GSPGSRGLPGADGR,2,0,1315.62789463997,1381,1394,1,Mammalia,Theria,Eutheria,Carnivora,Mustelidae,Lontra,Lontra canadensis,13,230,40.43
172,GSPGSRGLPGADGR,0,0,1283.63807415962,1381,1394,1,Mammalia,Theria,Eutheria,Carnivora,Mustelidae,Lontra,Lontra canadensis,13,230,9.78
173,GPNGEAGSAGPSGPPGLRGSPGSR,2,0,2151.01048767567,1363,1386,1,Mammalia,Theria,Eutheria,Carnivora,Mustelidae,Lontra,Lontra canadensis,23,228,38.53
174,GPNGEAGSAGPSGPPGLRGSPGSR,2,1,2151.99449801445,1363,1386,1,Mammalia,Theria,Eutheria,Carnivora,Mustelidae,Lontra,Lontra canadensis,23,228,12.11
175,GPNGEAGSAGPSGPPGLR,1,0,1593.75461578369,1363,1380,0,Mammalia,Theria,Eutheria,Carnivora,Mustelidae,Lontra,Lontra canadensis,17,227,79.07
176,GPNGEAGSAGPSGPPGLR,1,1,1594.73862612247,1363,1380,0,Mammalia,Theria,Eutheria,Carnivora,Mustelidae,Lontra,Lontra canadensis,17,227,76.02
177,GPNGEAGSAGPSGPPGLR,2,0,1609.74952602386,1363,1380,0,Mammalia,Theria,Eutheria,Carnivora,Mustelidae,Lontra,Lontra canadensis,17,227,71.94
178,RGPNGEAGSAGPSGPPGLR,1,0,1749.85576581955,1362,1380,1,Mammalia,Theria,Eutheria,Carnivora,Mustelidae,Lontra,Lontra canadensis,18,225,69.79
179,RGPNGEAGSAGPSGPPGLR,1,1,1750.83977615833,1362,1380,1,Mammalia,Theria,Eutheria,Carnivora,Mustelidae,Lontra,Lontra canadensis,18,225,41.21
180,GEPGSAGPQGPPGPSGEEGKR,2,0,1979.89843773842,1342,1362,1,Mammalia,Theria,Eutheria,Carnivora,Mustelidae,Lontra,Lontra canadensis,20,223,50.48
181,GEPGSAGPQGPPGPSGEEGKR,2,1,1980.8824480772,1342,1362,1,Mammalia,Theria,Eutheria,Carnivora,Mustelidae,Lontra,Lontra canadensis,20,223,7.5
182,GEPGSAGPQGPPGPSGEEGKR,1,0,1963.90352749825,1342,1362,1,Mammalia,Theria,Eutheria,Carnivora,Mustelidae,Lontra,Lontra canadensis,20,223,0.08
183,GEPGSAGPQGPPGPSGEEGK,2,0,1823.79728770256,1342,1361,0,Mammalia,Theria,Eutheria,Carnivora,Mustelidae,Lontra,Lontra canadensis,19,222,77.95
184,GEPGSAGPQGPPGPSGEEGK,2,1,1824.78129804134,1342,1361,0,Mammalia,Theria,Eutheria,Carnivora,Mustelidae,Lontra,Lontra canadensis,19,222,41.31
185,GEPGSAGPQGPPGPSGEEGK,1,0,1807.80237746239,1342,1361,0,Mammalia,Theria,Eutheria,Carnivora,Mustelidae,Lontra,Lontra canadensis,19,222,30.25
186,GESGNKGEPGSAGPQGPPGPSGEEGK,2,0,2396.05282998085,1336,1361,1,Mammalia,Theria,Eutheria,Carnivora,Mustelidae,Lontra,Lontra canadensis,25,220,43.33
187,GESGNKGEPGSAGPQGPPGPSGEEGK,1,0,2380.05791974068,1336,1361,1,Mammalia,Theria,Eutheria,Carnivora,Mustelidae,Lontra,Lontra canadensis,25,220,28.15
188,GESGNKGEPGSAGPQGPPGPSGEEGK,2,1,2397.03684031963,1336,1361,1,Mammalia,Theria,Eutheria,Carnivora,Mustelidae,Lontra,Lontra canadensis,25,220,24.13
189,GLVGEPGPAGSKGESGNK,2,0,1672.80674684048,1324,1341,1,Mammalia,Theria,Eutheria,Carnivora,Mustelidae,Lontra,Lontra canadensis,17,218,55.56
190,GLVGEPGPAGSKGESGNK,1,0,1656.8118366003,1324,1341,1,Mammalia,Theria,Eutheria,Carnivora,Mustelidae,Lontra,Lontra canadensis,17,218,12.77
191,GIPGPVGAAGATGAR,1,0,1267.66834425926,1309,1323,0,Mammalia,Theria,Eutheria,Carnivora,Mustelidae,Lontra,Lontra canadensis,14,216,79.72
192,GAAGLPGVAGAPGLPGPRGIPGPVGAAGATGAR,4,0,2811.47939932346,1291,1323,1,Mammalia,Theria,Eutheria,Carnivora,Mustelidae,Lontra,Lontra canadensis,32,215,13.67
193,GEVGLPGVSGPVGPPGNPGANGLTGAK,3,0,2404.20355916023,1264,1290,0,Mammalia,Theria,Eutheria,Carnivora,Mustelidae,Lontra,Lontra canadensis,26,212,60.38
194,GEVGLPGVSGPVGPPGNPGANGLTGAK,3,1,2405.18756949902,1264,1290,0,Mammalia,Theria,Eutheria,Carnivora,Mustelidae,Lontra,Lontra canadensis,26,212,54.01
195,GEVGLPGVSGPVGPPGNPGANGLTGAK,4,0,2420.19846940041,1264,1290,0,Mammalia,Theria,Eutheria,Carnivora,Mustelidae,Lontra,Lontra canadensis,26,212,53.36
196,GEVGLPGVSGPVGPPGNPGANGLTGAK,4,1,2421.18247973919,1264,1290,0,Mammalia,Theria,Eutheria,Carnivora,Mustelidae,Lontra,Lontra canadensis,26,212,33.02
197,GEVGLPGVSGPVGPPGNPGANGLTGAK,2,1,2389.19265925884,1264,1290,0,Mammalia,Theria,Eutheria,Carnivora,Mustelidae,Lontra,Lontra canadensis,26,212,13.97
198,GELGPVGNPGPAGPAGPR,1,1,1616.79578578472,1246,1263,0,Mammalia,Theria,Eutheria,Carnivora,Mustelidae,Lontra,Lontra canadensis,17,210,86.24
199,GELGPVGNPGPAGPAGPR,0,1,1600.80087554455,1246,1263,0,Mammalia,Theria,Eutheria,Carnivora,Mustelidae,Lontra,Lontra canadensis,17,210,68.04
200,GELGPVGNPGPAGPAGPR,2,1,1632.79069602489,1246,1263,0,Mammalia,Theria,Eutheria,Carnivora,Mustelidae,Lontra,Lontra canadensis,17,210,4.26
201,VGAPGPAGAR,1,0,868.456462740898,1206,1215,0,Mammalia,Theria,Eutheria,Carnivora,Mustelidae,Lontra,Lontra canadensis,9,207,58.9
202,GRVGAPGPAGAR,1,0,1081.57908296585,1204,1215,1,Mammalia,Theria,Eutheria,Carnivora,Mustelidae,Lontra,Lontra canadensis,11,206,26.09
203,GRVGAPGPAGAR,0,0,1065.58417272568,1204,1215,1,Mammalia,Theria,Eutheria,Carnivora,Mustelidae,Lontra,Lontra canadensis,11,206,4.97
204,GEPGAPGENGTPGQTGARGLPGER,3,0,2310.06366872787,1180,1203,1,Mammalia,Theria,Eutheria,Carnivora,Mustelidae,Lontra,Lontra canadensis,23,204,2.55
205,GEPGAPGENGTPGQTGAR,3,0,1700.74006688595,1180,1197,0,Mammalia,Theria,Eutheria,Carnivora,Mustelidae,Lontra,Lontra canadensis,17,203,75.72
206,GEPGAPGENGTPGQTGAR,3,1,1701.72407722473,1180,1197,0,Mammalia,Theria,Eutheria,Carnivora,Mustelidae,Lontra,Lontra canadensis,17,203,61.73
207,GEPGAPGENGTPGQTGAR,3,2,1702.70808756351,1180,1197,0,Mammalia,Theria,Eutheria,Carnivora,Mustelidae,Lontra,Lontra canadensis,17,203,59.27
208,GEPGAPGENGTPGQTGAR,2,1,1685.72916698456,1180,1197,0,Mammalia,Theria,Eutheria,Carnivora,Mustelidae,Lontra,Lontra canadensis,17,203,40.73
209,GEPGAPGENGTPGQTGAR,2,2,1686.71317732334,1180,1197,0,Mammalia,Theria,Eutheria,Carnivora,Mustelidae,Lontra,Lontra canadensis,17,203,23.68
210,GQPGAPGVKGEPGAPGENGTPGQTGAR,6,1,2541.13799035549,1171,1197,1,Mammalia,Theria,Eutheria,Carnivora,Mustelidae,Lontra,Lontra canadensis,26,202,35.05
211,GQPGAPGVKGEPGAPGENGTPGQTGAR,6,0,2540.15398001671,1171,1197,1,Mammalia,Theria,Eutheria,Carnivora,Mustelidae,Lontra,Lontra canadensis,26,202,30.59
212,GQPGAPGVKGEPGAPGENGTPGQTGAR,4,0,2508.16415953636,1171,1197,1,Mammalia,Theria,Eutheria,Carnivora,Mustelidae,Lontra,Lontra canadensis,26,202,27.62
213,GQPGAPGVKGEPGAPGENGTPGQTGAR,5,1,2525.14308011532,1171,1197,1,Mammalia,Theria,Eutheria,Carnivora,Mustelidae,Lontra,Lontra canadensis,26,202,15.06
214,GQPGAPGVKGEPGAPGENGTPGQTGAR,6,2,2542.12200069427,1171,1197,1,Mammalia,Theria,Eutheria,Carnivora,Mustelidae,Lontra,Lontra canadensis,26,202,8.23
215,GHNGLDGLKGQPGAPGVK,2,1,1734.87004625797,1162,1179,1,Mammalia,Theria,Eutheria,Carnivora,Mustelidae,Lontra,Lontra canadensis,17,199,28.16
216,GHNGLDGLKGQPGAPGVK,2,2,1735.85405659676,1162,1179,1,Mammalia,Theria,Eutheria,Carnivora,Mustelidae,Lontra,Lontra canadensis,17,199,13.3
217,GHNGLDGLKGQPGAPGVK,1,1,1718.8751360178,1162,1179,1,Mammalia,Theria,Eutheria,Carnivora,Mustelidae,Lontra,Lontra canadensis,17,199,4.07
218,GHNGLDGLK,1,1,927.445953607559,1162,1170,0,Mammalia,Theria,Eutheria,Carnivora,Mustelidae,Lontra,Lontra canadensis,8,198,34.83
219,GHNGLDGLK,0,1,911.451043367386,1162,1170,0,Mammalia,Theria,Eutheria,Carnivora,Mustelidae,Lontra,Lontra canadensis,8,198,31.09
220,GHNGLDGLK,1,0,926.461943268776,1162,1170,0,Mammalia,Theria,Eutheria,Carnivora,Mustelidae,Lontra,Lontra canadensis,8,198,29.04
221,GFPGTPGLPGFKGIR,2,0,1532.81509482861,1147,1161,1,Mammalia,Theria,Eutheria,Carnivora,Mustelidae,Lontra,Lontra canadensis,14,196,16.51
222,GVVGPQGARGFPGTPGLPGFK,3,0,2044.05425667763,1138,1158,1,Mammalia,Theria,Eutheria,Carnivora,Mustelidae,Lontra,Lontra canadensis,20,194,9.94
223,GVVGPQGARGFPGTPGLPGFK,2,0,2028.05934643745,1138,1158,1,Mammalia,Theria,Eutheria,Carnivora,Mustelidae,Lontra,Lontra canadensis,20,194,7.55
224,GPPGASGAPGPQGFQGPAGEPGEPGQTGPAGAR,4,1,2976.32873129845,1081,1113,0,Mammalia,Theria,Eutheria,Carnivora,Mustelidae,Lontra,Lontra canadensis,32,186,33.75
225,GPPGASGAPGPQGFQGPAGEPGEPGQTGPAGAR,6,0,3007.33454144001,1081,1113,0,Mammalia,Theria,Eutheria,Carnivora,Mustelidae,Lontra,Lontra canadensis,32,186,25.08
226,GPPGASGAPGPQGFQGPAGEPGEPGQTGPAGAR,3,0,2959.34981071949,1081,1113,0,Mammalia,Theria,Eutheria,Carnivora,Mustelidae,Lontra,Lontra canadensis,32,186,17.79
227,GPPGASGAPGPQGFQGPAGEPGEPGQTGPAGAR,4,2,2977.31274163723,1081,1113,0,Mammalia,Theria,Eutheria,Carnivora,Mustelidae,Lontra,Lontra canadensis,32,186,14.58
228,GPPGASGAPGPQGFQGPAGEPGEPGQTGPAGAR,4,0,2975.34472095966,1081,1113,0,Mammalia,Theria,Eutheria,Carnivora,Mustelidae,Lontra,Lontra canadensis,32,186,11.08
229,GVGLGPGPMGLMGPR,2,0,1427.70644593239,1066,1080,0,Mammalia,Theria,Eutheria,Carnivora,Mustelidae,Lontra,Lontra canadensis,14,185,65.43
230,GVGLGPGPMGLMGPR,0,0,1395.71662545204,1066,1080,0,Mammalia,Theria,Eutheria,Carnivora,Mustelidae,Lontra,Lontra canadensis,14,185,59.12
231,GVGLGPGPMGLMGPR,1,0,1411.71153569221,1066,1080,0,Mammalia,Theria,Eutheria,Carnivora,Mustelidae,Lontra,Lontra canadensis,14,185,45.61
232,GVGLGPGPMGLMGPR,4,0,1459.69626641273,1066,1080,0,Mammalia,Theria,Eutheria,Carnivora,Mustelidae,Lontra,Lontra canadensis,14,185,34.39
233,DGLNGLPGPIGPPGPRGR,3,1,1775.89660620689,992,1009,1,Mammalia,Theria,Eutheria,Carnivora,Mustelidae,Lontra,Lontra canadensis,17,181,12.85
234,DGLNGLPGPIGPPGPRGR,3,0,1774.91259586811,992,1009,1,Mammalia,Theria,Eutheria,Carnivora,Mustelidae,Lontra,Lontra canadensis,17,181,11.11
235,DGLNGLPGPIGPPGPR,2,1,1546.77907574177,992,1007,0,Mammalia,Theria,Eutheria,Carnivora,Mustelidae,Lontra,Lontra canadensis,15,180,67.33
236,DGLNGLPGPIGPPGPR,3,1,1562.77398598194,992,1007,0,Mammalia,Theria,Eutheria,Carnivora,Mustelidae,Lontra,Lontra canadensis,15,180,64.8
237,DGLNGLPGPIGPPGPR,2,0,1545.79506540298,992,1007,0,Mammalia,Theria,Eutheria,Carnivora,Mustelidae,Lontra,Lontra canadensis,15,180,62.38
238,DGLNGLPGPIGPPGPR,1,1,1530.78416550159,992,1007,0,Mammalia,Theria,Eutheria,Carnivora,Mustelidae,Lontra,Lontra canadensis,15,180,50.67
239,DGLNGLPGPIGPPGPR,3,0,1561.78997564316,992,1007,0,Mammalia,Theria,Eutheria,Carnivora,Mustelidae,Lontra,Lontra canadensis,15,180,46.68
240,DGLNGLPGPIGPPGPR,4,1,1578.76889622211,992,1007,0,Mammalia,Theria,Eutheria,Carnivora,Mustelidae,Lontra,Lontra canadensis,15,180,30.45
241,DGLNGLPGPIGPPGPR,4,0,1577.78488588333,992,1007,0,Mammalia,Theria,Eutheria,Carnivora,Mustelidae,Lontra,Lontra canadensis,15,180,25.2
242,DGLNGLPGPIGPPGPR,1,0,1529.80015516281,992,1007,0,Mammalia,Theria,Eutheria,Carnivora,Mustelidae,Lontra,Lontra canadensis,15,180,19.89
243,DGLNGLPGPIGPPGPR,0,0,1513.80524492264,992,1007,0,Mammalia,Theria,Eutheria,Carnivora,Mustelidae,Lontra,Lontra canadensis,15,180,15.98
244,GPPGSAGSPGKDGLNGLPGPIGPPGPR,3,0,2454.23044872284,981,1007,1,Mammalia,Theria,Eutheria,Carnivora,Mustelidae,Lontra,Lontra canadensis,26,179,61.03
245,GPPGSAGSPGKDGLNGLPGPIGPPGPR,5,1,2487.20427954197,981,1007,1,Mammalia,Theria,Eutheria,Carnivora,Mustelidae,Lontra,Lontra canadensis,26,179,54.76
246,GPPGSAGSPGKDGLNGLPGPIGPPGPR,4,1,2471.2093693018,981,1007,1,Mammalia,Theria,Eutheria,Carnivora,Mustelidae,Lontra,Lontra canadensis,26,179,53.81
247,GPPGSAGSPGKDGLNGLPGPIGPPGPR,5,0,2486.22026920319,981,1007,1,Mammalia,Theria,Eutheria,Carnivora,Mustelidae,Lontra,Lontra canadensis,26,179,47.29
248,GPPGSAGSPGKDGLNGLPGPIGPPGPR,3,1,2455.21445906162,981,1007,1,Mammalia,Theria,Eutheria,Carnivora,Mustelidae,Lontra,Lontra canadensis,26,179,44.82
249,GPPGSAGSPGKDGLNGLPGPIGPPGPR,4,0,2470.22535896301,981,1007,1,Mammalia,Theria,Eutheria,Carnivora,Mustelidae,Lontra,Lontra canadensis,26,179,41.78
250,GPPGSAGSPGKDGLNGLPGPIGPPGPR,2,1,2439.21954882145,981,1007,1,Mammalia,Theria,Eutheria,Carnivora,Mustelidae,Lontra,Lontra canadensis,26,179,40.77
251,GPPGSAGSPGKDGLNGLPGPIGPPGPR,2,0,2438.23553848267,981,1007,1,Mammalia,Theria,Eutheria,Carnivora,Mustelidae,Lontra,Lontra canadensis,26,179,22.8
252,GPPGSAGSPGK,1,0,927.445953607559,981,991,0,Mammalia,Theria,Eutheria,Carnivora,Mustelidae,Lontra,Lontra canadensis,10,178,67.87
253,GPPGSAGSPGK,0,0,911.451043367386,981,991,0,Mammalia,Theria,Eutheria,Carnivora,Mustelidae,Lontra,Lontra canadensis,10,178,47.33
254,GPPGSAGSPGK,2,0,943.440863847733,981,991,0,Mammalia,Theria,Eutheria,Carnivora,Mustelidae,Lontra,Lontra canadensis,10,178,41.32
255,GFSGLQGPPGPPGSPGEQGPSGASGPAGPR,3,0,2705.24826991558,951,980,0,Mammalia,Theria,Eutheria,Carnivora,Mustelidae,Lontra,Lontra canadensis,29,176,96.64
256,GFSGLQGPPGPPGSPGEQGPSGASGPAGPR,2,1,2690.23737001419,951,980,0,Mammalia,Theria,Eutheria,Carnivora,Mustelidae,Lontra,Lontra canadensis,29,176,86.93
257,GFSGLQGPPGPPGSPGEQGPSGASGPAGPR,1,1,2674.24245977402,951,980,0,Mammalia,Theria,Eutheria,Carnivora,Mustelidae,Lontra,Lontra canadensis,29,176,80.33
258,GFSGLQGPPGPPGSPGEQGPSGASGPAGPR,1,0,2673.25844943523,951,980,0,Mammalia,Theria,Eutheria,Carnivora,Mustelidae,Lontra,Lontra canadensis,29,176,79.53
259,GFSGLQGPPGPPGSPGEQGPSGASGPAGPR,2,0,2689.25335967541,951,980,0,Mammalia,Theria,Eutheria,Carnivora,Mustelidae,Lontra,Lontra canadensis,29,176,72.1
260,GFSGLQGPPGPPGSPGEQGPSGASGPAGPR,3,1,2706.23228025436,951,980,0,Mammalia,Theria,Eutheria,Carnivora,Mustelidae,Lontra,Lontra canadensis,29,176,65.08
261,GFSGLQGPPGPPGSPGEQGPSGASGPAGPR,1,2,2675.2264701128,951,980,0,Mammalia,Theria,Eutheria,Carnivora,Mustelidae,Lontra,Lontra canadensis,29,176,40.15
262,GFSGLQGPPGPPGSPGEQGPSGASGPAGPR,0,1,2658.24754953384,951,980,0,Mammalia,Theria,Eutheria,Carnivora,Mustelidae,Lontra,Lontra canadensis,29,176,38.36
263,GFSGLQGPPGPPGSPGEQGPSGASGPAGPR,0,0,2657.26353919506,951,980,0,Mammalia,Theria,Eutheria,Carnivora,Mustelidae,Lontra,Lontra canadensis,29,176,27.62
264,GFSGLQGPPGPPGSPGEQGPSGASGPAGPR,4,0,2721.24318015575,951,980,0,Mammalia,Theria,Eutheria,Carnivora,Mustelidae,Lontra,Lontra canadensis,29,176,26.79
265,GHRGFSGLQGPPGPPGSPGEQGPSGASGPAGPR,5,0,3087.41964066029,948,980,1,Mammalia,Theria,Eutheria,Carnivora,Mustelidae,Lontra,Lontra canadensis,32,175,4.73
266,GHRGFSGLQGPPGPPGSPGEQGPSGASGPAGPR,3,2,3057.39784085751,948,980,1,Mammalia,Theria,Eutheria,Carnivora,Mustelidae,Lontra,Lontra canadensis,32,175,0.41
267,GETGEQGDR,0,0,948.394604086876,936,944,0,Mammalia,Theria,Eutheria,Carnivora,Mustelidae,Lontra,Lontra canadensis,8,173,39.64
268,GDKGETGEQGDR,1,0,1264.53294551373,933,944,1,Mammalia,Theria,Eutheria,Carnivora,Mustelidae,Lontra,Lontra canadensis,11,171,48.38
269,GDKGETGEQGDR,0,1,1249.52204561234,933,944,1,Mammalia,Theria,Eutheria,Carnivora,Mustelidae,Lontra,Lontra canadensis,11,171,42.88
270,GDKGETGEQGDR,0,0,1248.53803527355,933,944,1,Mammalia,Theria,Eutheria,Carnivora,Mustelidae,Lontra,Lontra canadensis,11,171,38.84
271,GPTGPQGPRGDK,0,1,1167.56824421883,924,935,1,Mammalia,Theria,Eutheria,Carnivora,Mustelidae,Lontra,Lontra canadensis,11,169,27.08
272,GPTGPQGPRGDK,0,0,1166.58423388004,924,935,1,Mammalia,Theria,Eutheria,Carnivora,Mustelidae,Lontra,Lontra canadensis,11,169,26.29
273,GPTGPQGPRGDK,1,0,1182.57914412022,924,935,1,Mammalia,Theria,Eutheria,Carnivora,Mustelidae,Lontra,Lontra canadensis,11,169,14.89
274,GPTGPQGPR,0,0,866.440802693367,924,932,0,Mammalia,Theria,Eutheria,Carnivora,Mustelidae,Lontra,Lontra canadensis,8,168,56.87
275,GPTGPQGPR,0,1,867.42481303215,924,932,0,Mammalia,Theria,Eutheria,Carnivora,Mustelidae,Lontra,Lontra canadensis,8,168,47.22
276,GPTGPQGPR,1,0,882.43571293354,924,932,0,Mammalia,Theria,Eutheria,Carnivora,Mustelidae,Lontra,Lontra canadensis,8,168,28.57
277,GPTGPQGPR,2,0,898.430623173714,924,932,0,Mammalia,Theria,Eutheria,Carnivora,Mustelidae,Lontra,Lontra canadensis,8,168,15.27
278,GPTGPQGPR,2,1,899.414633512497,924,932,0,Mammalia,Theria,Eutheria,Carnivora,Mustelidae,Lontra,Lontra canadensis,8,168,4.48
279,GPTGPQGPR,3,0,914.425533413887,924,932,0,Mammalia,Theria,Eutheria,Carnivora,Mustelidae,Lontra,Lontra canadensis,8,168,1.48
280,GETGPAGPAGPIGPVGARGPTGPQGPR,0,0,2408.23619771004,906,932,1,Mammalia,Theria,Eutheria,Carnivora,Mustelidae,Lontra,Lontra canadensis,26,167,15.88
281,GETGPAGPAGPIGPVGARGPTGPQGPR,1,0,2424.23110795021,906,932,1,Mammalia,Theria,Eutheria,Carnivora,Mustelidae,Lontra,Lontra canadensis,26,167,8.78
282,GETGPAGPAGPIGPVGAR,0,0,1560.80596530437,906,923,0,Mammalia,Theria,Eutheria,Carnivora,Mustelidae,Lontra,Lontra canadensis,17,166,80.87
283,GETGPAGPAGPIGPVGAR,1,0,1576.80087554455,906,923,0,Mammalia,Theria,Eutheria,Carnivora,Mustelidae,Lontra,Lontra canadensis,17,166,61.71
284,GETGPAGPAGPIGPVGAR,2,0,1592.79578578472,906,923,0,Mammalia,Theria,Eutheria,Carnivora,Mustelidae,Lontra,Lontra canadensis,17,166,41.82
285,NGDRGETGPAGPAGPIGPVGAR,0,0,2002.99847662449,902,923,1,Mammalia,Theria,Eutheria,Carnivora,Mustelidae,Lontra,Lontra canadensis,21,164,66.53
286,NGDRGETGPAGPAGPIGPVGAR,2,0,2034.98829710484,902,923,1,Mammalia,Theria,Eutheria,Carnivora,Mustelidae,Lontra,Lontra canadensis,21,164,63.11
287,NGDRGETGPAGPAGPIGPVGAR,1,0,2018.99338686466,902,923,1,Mammalia,Theria,Eutheria,Carnivora,Mustelidae,Lontra,Lontra canadensis,21,164,60.7
288,NGDRGETGPAGPAGPIGPVGAR,0,1,2003.98248696327,902,923,1,Mammalia,Theria,Eutheria,Carnivora,Mustelidae,Lontra,Lontra canadensis,21,164,57.85
289,NGDRGETGPAGPAGPIGPVGAR,1,1,2019.97739720345,902,923,1,Mammalia,Theria,Eutheria,Carnivora,Mustelidae,Lontra,Lontra canadensis,21,164,47.41
290,NGDRGETGPAGPAGPIGPVGAR,2,1,2035.97230744362,902,923,1,Mammalia,Theria,Eutheria,Carnivora,Mustelidae,Lontra,Lontra canadensis,21,164,36.25
291,NGDRGETGPAGPAGPIGPVGAR,3,0,2050.98320734501,902,923,1,Mammalia,Theria,Eutheria,Carnivora,Mustelidae,Lontra,Lontra canadensis,21,164,23.79
292,GETGPAGPPGAPGAPGAPGPVGPAGKNGDR,2,1,2596.23188948631,876,905,1,Mammalia,Theria,Eutheria,Carnivora,Mustelidae,Lontra,Lontra canadensis,29,163,30.72
293,GETGPAGPPGAPGAPGAPGPVGPAGKNGDR,3,1,2612.22679972649,876,905,1,Mammalia,Theria,Eutheria,Carnivora,Mustelidae,Lontra,Lontra canadensis,29,163,22.17
294,GETGPAGPPGAPGAPGAPGPVGPAGKNGDR,5,0,2643.23260986805,876,905,1,Mammalia,Theria,Eutheria,Carnivora,Mustelidae,Lontra,Lontra canadensis,29,163,16.53
295,GETGPAGPPGAPGAPGAPGPVGPAGKNGDR,1,1,2580.23697924614,876,905,1,Mammalia,Theria,Eutheria,Carnivora,Mustelidae,Lontra,Lontra canadensis,29,163,13.55
296,GETGPAGPPGAPGAPGAPGPVGPAGKNGDR,4,0,2627.23769962788,876,905,1,Mammalia,Theria,Eutheria,Carnivora,Mustelidae,Lontra,Lontra canadensis,29,163,3.31
297,GETGPAGPPGAPGAPGAPGPVGPAGK,3,0,2169.05027806759,876,901,0,Mammalia,Theria,Eutheria,Carnivora,Mustelidae,Lontra,Lontra canadensis,25,162,81.0
298,GETGPAGPPGAPGAPGAPGPVGPAGK,4,0,2185.04518830776,876,901,0,Mammalia,Theria,Eutheria,Carnivora,Mustelidae,Lontra,Lontra canadensis,25,162,67.18
299,GETGPAGPPGAPGAPGAPGPVGPAGK,2,0,2153.05536782742,876,901,0,Mammalia,Theria,Eutheria,Carnivora,Mustelidae,Lontra,Lontra canadensis,25,162,59.46
300,GETGPAGPPGAPGAPGAPGPVGPAGK,1,0,2137.06045758724,876,901,0,Mammalia,Theria,Eutheria,Carnivora,Mustelidae,Lontra,Lontra canadensis,25,162,53.67
301,GDRGETGPAGPPGAPGAPGAPGPVGPAGK,2,0,2481.20493876934,873,901,1,Mammalia,Theria,Eutheria,Carnivora,Mustelidae,Lontra,Lontra canadensis,28,161,57.2
302,GDRGETGPAGPPGAPGAPGAPGPVGPAGK,4,0,2513.19475924969,873,901,1,Mammalia,Theria,Eutheria,Carnivora,Mustelidae,Lontra,Lontra canadensis,28,161,45.33
303,GDRGETGPAGPPGAPGAPGAPGPVGPAGK,3,0,2497.19984900951,873,901,1,Mammalia,Theria,Eutheria,Carnivora,Mustelidae,Lontra,Lontra canadensis,28,161,44.88
304,GDRGETGPAGPPGAPGAPGAPGPVGPAGK,1,0,2465.21002852917,873,901,1,Mammalia,Theria,Eutheria,Carnivora,Mustelidae,Lontra,Lontra canadensis,28,161,39.83
305,GDRGETGPAGPPGAPGAPGAPGPVGPAGK,0,0,2449.21511828899,873,901,1,Mammalia,Theria,Eutheria,Carnivora,Mustelidae,Lontra,Lontra canadensis,28,161,32.29
306,GDRGETGPAGPPGAPGAPGAPGPVGPAGK,5,0,2529.18966948986,873,901,1,Mammalia,Theria,Eutheria,Carnivora,Mustelidae,Lontra,Lontra canadensis,28,161,5.53
307,DGSPGPKGDR,2,0,1017.45248413086,866,875,1,Mammalia,Theria,Eutheria,Carnivora,Mustelidae,Lontra,Lontra canadensis,9,159,47.79
308,DGSPGPKGDR,1,0,1001.45757389069,866,875,1,Mammalia,Theria,Eutheria,Carnivora,Mustelidae,Lontra,Lontra canadensis,9,159,40.61
309,DGSPGPKGDR,0,0,985.462663650513,866,875,1,Mammalia,Theria,Eutheria,Carnivora,Mustelidae,Lontra,Lontra canadensis,9,159,29.67
310,EGSPGAEGSPGRDGSPGPK,3,0,1786.77686750889,854,872,1,Mammalia,Theria,Eutheria,Carnivora,Mustelidae,Lontra,Lontra canadensis,18,157,61.67
311,EGSPGAEGSPGRDGSPGPK,2,0,1770.78195726871,854,872,1,Mammalia,Theria,Eutheria,Carnivora,Mustelidae,Lontra,Lontra canadensis,18,157,51.54
312,EGSPGAEGSPGRDGSPGPK,1,0,1754.78704702854,854,872,1,Mammalia,Theria,Eutheria,Carnivora,Mustelidae,Lontra,Lontra canadensis,18,157,14.11
313,EGSPGAEGSPGR,1,0,1116.48452460766,854,865,0,Mammalia,Theria,Eutheria,Carnivora,Mustelidae,Lontra,Lontra canadensis,11,156,67.54
314,EGSPGAEGSPGR,2,0,1132.47943484783,854,865,0,Mammalia,Theria,Eutheria,Carnivora,Mustelidae,Lontra,Lontra canadensis,11,156,60.88
315,EGSPGAEGSPGR,0,0,1100.48961436749,854,865,0,Mammalia,Theria,Eutheria,Carnivora,Mustelidae,Lontra,Lontra canadensis,11,156,23.1
316,GPPGPMGPPGLAGPPGESGREGSPGAEGSPGR,5,0,2946.32155179977,834,865,1,Mammalia,Theria,Eutheria,Carnivora,Mustelidae,Lontra,Lontra canadensis,31,155,6.8
317,GPPGPMGPPGLAGPPGESGREGSPGAEGSPGR,6,0,2962.31646203995,834,865,1,Mammalia,Theria,Eutheria,Carnivora,Mustelidae,Lontra,Lontra canadensis,31,155,5.15
318,GPPGPMGPPGLAGPPGESGR,3,0,1832.85268723965,834,853,0,Mammalia,Theria,Eutheria,Carnivora,Mustelidae,Lontra,Lontra canadensis,19,154,97.64
319,GPPGPMGPPGLAGPPGESGR,0,0,1784.86795651913,834,853,0,Mammalia,Theria,Eutheria,Carnivora,Mustelidae,Lontra,Lontra canadensis,19,154,84.71
320,GPPGPMGPPGLAGPPGESGR,2,0,1816.85777699947,834,853,0,Mammalia,Theria,Eutheria,Carnivora,Mustelidae,Lontra,Lontra canadensis,19,154,79.01
321,GPPGPMGPPGLAGPPGESGR,1,0,1800.8628667593,834,853,0,Mammalia,Theria,Eutheria,Carnivora,Mustelidae,Lontra,Lontra canadensis,19,154,71.51
322,GPPGPMGPPGLAGPPGESGR,5,0,1864.84250771999,834,853,0,Mammalia,Theria,Eutheria,Carnivora,Mustelidae,Lontra,Lontra canadensis,19,154,66.68
323,GPPGPMGPPGLAGPPGESGR,4,0,1848.84759747982,834,853,0,Mammalia,Theria,Eutheria,Carnivora,Mustelidae,Lontra,Lontra canadensis,19,154,65.51
324,QGPSGASGERGPPGPMGPPGLAGPPGESGR,3,0,2759.27346050739,824,853,1,Mammalia,Theria,Eutheria,Carnivora,Mustelidae,Lontra,Lontra canadensis,29,152,42.51
325,QGPSGASGERGPPGPMGPPGLAGPPGESGR,2,0,2743.27855026722,824,853,1,Mammalia,Theria,Eutheria,Carnivora,Mustelidae,Lontra,Lontra canadensis,29,152,41.12
326,QGPSGASGERGPPGPMGPPGLAGPPGESGR,0,0,2711.28872978687,824,853,1,Mammalia,Theria,Eutheria,Carnivora,Mustelidae,Lontra,Lontra canadensis,29,152,21.92
327,QGPSGASGERGPPGPMGPPGLAGPPGESGR,4,0,2775.26837074757,824,853,1,Mammalia,Theria,Eutheria,Carnivora,Mustelidae,Lontra,Lontra canadensis,29,152,20.72
328,QGPSGASGERGPPGPMGPPGLAGPPGESGR,5,0,2791.26328098774,824,853,1,Mammalia,Theria,Eutheria,Carnivora,Mustelidae,Lontra,Lontra canadensis,29,152,20.69
329,QGPSGASGERGPPGPMGPPGLAGPPGESGR,1,0,2727.28364002705,824,853,1,Mammalia,Theria,Eutheria,Carnivora,Mustelidae,Lontra,Lontra canadensis,29,152,16.54
330,QGPSGASGERGPPGPMGPPGLAGPPGESGR,2,1,2744.262560606,824,853,1,Mammalia,Theria,Eutheria,Carnivora,Mustelidae,Lontra,Lontra canadensis,29,152,4.9
331,QGPSGASGERGPPGPMGPPGLAGPPGESGR,5,1,2792.24729132652,824,853,1,Mammalia,Theria,Eutheria,Carnivora,Mustelidae,Lontra,Lontra canadensis,29,152,4.49
332,QGPSGASGER,0,0,945.43134355545,824,833,0,Mammalia,Theria,Eutheria,Carnivora,Mustelidae,Lontra,Lontra canadensis,9,151,48.64
333,GFPGLPGPSGEPGKQGPSGASGER,2,0,2255.06189835072,810,833,1,Mammalia,Theria,Eutheria,Carnivora,Mustelidae,Lontra,Lontra canadensis,23,150,52.15
334,GFPGLPGPSGEPGKQGPSGASGER,3,0,2271.05680859089,810,833,1,Mammalia,Theria,Eutheria,Carnivora,Mustelidae,Lontra,Lontra canadensis,23,150,43.63
335,GFPGLPGPSGEPGKQGPSGASGER,1,1,2240.05099844933,810,833,1,Mammalia,Theria,Eutheria,Carnivora,Mustelidae,Lontra,Lontra canadensis,23,150,15.92
336,GFPGLPGPSGEPGKQGPSGASGER,2,1,2256.0459086895,810,833,1,Mammalia,Theria,Eutheria,Carnivora,Mustelidae,Lontra,Lontra canadensis,23,150,10.31
337,GFPGLPGPSGEPGKQGPSGASGER,3,1,2272.04081892967,810,833,1,Mammalia,Theria,Eutheria,Carnivora,Mustelidae,Lontra,Lontra canadensis,23,150,4.58
338,GFPGLPGPSGEPGK,2,0,1328.64112508297,810,823,0,Mammalia,Theria,Eutheria,Carnivora,Mustelidae,Lontra,Lontra canadensis,13,149,70.99
339,GFPGLPGPSGEPGK,1,0,1312.6462148428,810,823,0,Mammalia,Theria,Eutheria,Carnivora,Mustelidae,Lontra,Lontra canadensis,13,149,64.84
340,GFPGLPGPSGEPGK,3,0,1344.63603532314,810,823,0,Mammalia,Theria,Eutheria,Carnivora,Mustelidae,Lontra,Lontra canadensis,13,149,61.29
341,GFPGLPGPSGEPGK,0,0,1296.65130460262,810,823,0,Mammalia,Theria,Eutheria,Carnivora,Mustelidae,Lontra,Lontra canadensis,13,149,33.81
342,GERGFPGLPGPSGEPGK,2,0,1670.80635607243,807,823,1,Mammalia,Theria,Eutheria,Carnivora,Mustelidae,Lontra,Lontra canadensis,16,148,24.96
343,GERGFPGLPGPSGEPGK,3,0,1686.8012663126,807,823,1,Mammalia,Theria,Eutheria,Carnivora,Mustelidae,Lontra,Lontra canadensis,16,148,16.13
344,GERGFPGLPGPSGEPGK,1,0,1654.81144583225,807,823,1,Mammalia,Theria,Eutheria,Carnivora,Mustelidae,Lontra,Lontra canadensis,16,148,11.64
345,GVVGLPGQRGER,1,0,1240.66867387295,798,809,1,Mammalia,Theria,Eutheria,Carnivora,Mustelidae,Lontra,Lontra canadensis,11,147,35.68
346,GVVGLPGQRGER,1,1,1241.65268421173,798,809,1,Mammalia,Theria,Eutheria,Carnivora,Mustelidae,Lontra,Lontra canadensis,11,147,27.08
347,GVVGLPGQR,1,0,898.503442883492,798,806,0,Mammalia,Theria,Eutheria,Carnivora,Mustelidae,Lontra,Lontra canadensis,8,146,53.81
348,GVVGLPGQR,1,1,899.487453222275,798,806,0,Mammalia,Theria,Eutheria,Carnivora,Mustelidae,Lontra,Lontra canadensis,8,146,46.98
349,GVVGLPGQR,0,0,882.508532643318,798,806,0,Mammalia,Theria,Eutheria,Carnivora,Mustelidae,Lontra,Lontra canadensis,8,146,39.57
350,GVVGLPGQR,0,1,883.492542982101,798,806,0,Mammalia,Theria,Eutheria,Carnivora,Mustelidae,Lontra,Lontra canadensis,8,146,27.73
351,GSPGADGPAGAPGTPGPQGIAGQRGVVGLPGQR,3,2,2986.45467090607,774,806,1,Mammalia,Theria,Eutheria,Carnivora,Mustelidae,Lontra,Lontra canadensis,32,145,12.06
352,GSPGADGPAGAPGTPGPQGIAGQRGVVGLPGQR,4,0,3000.48156046867,774,806,1,Mammalia,Theria,Eutheria,Carnivora,Mustelidae,Lontra,Lontra canadensis,32,145,6.9
353,GSPGADGPAGAPGTPGPQGIAGQR,2,0,2104.99377763271,774,797,0,Mammalia,Theria,Eutheria,Carnivora,Mustelidae,Lontra,Lontra canadensis,23,144,95.12
354,GSPGADGPAGAPGTPGPQGIAGQR,3,0,2120.98868787289,774,797,0,Mammalia,Theria,Eutheria,Carnivora,Mustelidae,Lontra,Lontra canadensis,23,144,89.45
355,GSPGADGPAGAPGTPGPQGIAGQR,1,1,2089.98287773132,774,797,0,Mammalia,Theria,Eutheria,Carnivora,Mustelidae,Lontra,Lontra canadensis,23,144,78.52
356,GSPGADGPAGAPGTPGPQGIAGQR,1,0,2088.99886739254,774,797,0,Mammalia,Theria,Eutheria,Carnivora,Mustelidae,Lontra,Lontra canadensis,23,144,63.58
357,GSPGADGPAGAPGTPGPQGIAGQR,3,1,2121.97269821167,774,797,0,Mammalia,Theria,Eutheria,Carnivora,Mustelidae,Lontra,Lontra canadensis,23,144,54.89
358,GSPGADGPAGAPGTPGPQGIAGQR,0,1,2073.98796749115,774,797,0,Mammalia,Theria,Eutheria,Carnivora,Mustelidae,Lontra,Lontra canadensis,23,144,52.96
359,GSPGADGPAGAPGTPGPQGIAGQR,3,2,2122.95670855045,774,797,0,Mammalia,Theria,Eutheria,Carnivora,Mustelidae,Lontra,Lontra canadensis,23,144,52.79
360,GSPGADGPAGAPGTPGPQGIAGQR,2,1,2105.9777879715,774,797,0,Mammalia,Theria,Eutheria,Carnivora,Mustelidae,Lontra,Lontra canadensis,23,144,34.37
361,GSPGADGPAGAPGTPGPQGIAGQR,2,2,2106.96179831028,774,797,0,Mammalia,Theria,Eutheria,Carnivora,Mustelidae,Lontra,Lontra canadensis,23,144,31.93
362,GSPGADGPAGAPGTPGPQGIAGQR,0,0,2073.00395715237,774,797,0,Mammalia,Theria,Eutheria,Carnivora,Mustelidae,Lontra,Lontra canadensis,23,144,19.28
363,GETGPAGRPGEVGPPGPPGPAGEK,4,0,2232.0459086895,750,773,0,Mammalia,Theria,Eutheria,Carnivora,Mustelidae,Lontra,Lontra canadensis,23,141,43.52
364,GETGPAGRPGEVGPPGPPGPAGEK,3,0,2216.05099844933,750,773,0,Mammalia,Theria,Eutheria,Carnivora,Mustelidae,Lontra,Lontra canadensis,23,141,40.51
365,GETGPAGRPGEVGPPGPPGPAGEK,2,0,2200.05608820915,750,773,0,Mammalia,Theria,Eutheria,Carnivora,Mustelidae,Lontra,Lontra canadensis,23,141,38.08
366,GETGPAGRPGEVGPPGPPGPAGEK,5,0,2248.04081892967,750,773,0,Mammalia,Theria,Eutheria,Carnivora,Mustelidae,Lontra,Lontra canadensis,23,141,2.86
367,GETGPAGRPGEVGPPGPPGPAGEK,7,0,2280.03063941002,750,773,0,Mammalia,Theria,Eutheria,Carnivora,Mustelidae,Lontra,Lontra canadensis,23,141,0.49
368,VGPPGPSGNAGPPGPPGPAGKEGGK,3,0,2184.06117796898,722,746,1,Mammalia,Theria,Eutheria,Carnivora,Mustelidae,Lontra,Lontra canadensis,24,137,14.13
369,VGPPGPSGNAGPPGPPGPAGKEGGK,6,0,2232.0459086895,722,746,1,Mammalia,Theria,Eutheria,Carnivora,Mustelidae,Lontra,Lontra canadensis,24,137,1.56
370,VGPPGPSGNAGPPGPPGPAGK,3,0,1812.88061654568,722,742,0,Mammalia,Theria,Eutheria,Carnivora,Mustelidae,Lontra,Lontra canadensis,20,136,60.93
371,VGPPGPSGNAGPPGPPGPAGK,4,0,1828.87552678585,722,742,0,Mammalia,Theria,Eutheria,Carnivora,Mustelidae,Lontra,Lontra canadensis,20,136,53.75
372,VGPPGPSGNAGPPGPPGPAGK,2,0,1796.8857063055,722,742,0,Mammalia,Theria,Eutheria,Carnivora,Mustelidae,Lontra,Lontra canadensis,20,136,46.04
373,VGPPGPSGNAGPPGPPGPAGK,3,1,1813.86462688446,722,742,0,Mammalia,Theria,Eutheria,Carnivora,Mustelidae,Lontra,Lontra canadensis,20,136,45.41
374,VGPPGPSGNAGPPGPPGPAGK,5,0,1844.87043702602,722,742,0,Mammalia,Theria,Eutheria,Carnivora,Mustelidae,Lontra,Lontra canadensis,20,136,44.96
375,VGPPGPSGNAGPPGPPGPAGK,6,0,1860.8653472662,722,742,0,Mammalia,Theria,Eutheria,Carnivora,Mustelidae,Lontra,Lontra canadensis,20,136,38.73
376,VGPPGPSGNAGPPGPPGPAGK,4,1,1829.85953712463,722,742,0,Mammalia,Theria,Eutheria,Carnivora,Mustelidae,Lontra,Lontra canadensis,20,136,10.01
377,VGPPGPSGNAGPPGPPGPAGK,7,1,1877.84426784515,722,742,0,Mammalia,Theria,Eutheria,Carnivora,Mustelidae,Lontra,Lontra canadensis,20,136,8.16
378,VGPPGPSGNAGPPGPPGPAGK,2,1,1797.86971664429,722,742,0,Mammalia,Theria,Eutheria,Carnivora,Mustelidae,Lontra,Lontra canadensis,20,136,7.61
379,VGPPGPSGNAGPPGPPGPAGK,5,1,1845.85444736481,722,742,0,Mammalia,Theria,Eutheria,Carnivora,Mustelidae,Lontra,Lontra canadensis,20,136,6.56
380,VGPPGPSGNAGPPGPPGPAGK,6,1,1861.84935760498,722,742,0,Mammalia,Theria,Eutheria,Carnivora,Mustelidae,Lontra,Lontra canadensis,20,136,6.06
381,GSAGPPGATGFPGAAGRVGPPGPSGNAGPPGPPGPAGK,5,0,3253.55549132824,705,742,1,Mammalia,Theria,Eutheria,Carnivora,Mustelidae,Lontra,Lontra canadensis,37,135,17.89
382,GSAGPPGATGFPGAAGRVGPPGPSGNAGPPGPPGPAGK,5,1,3254.53950166702,705,742,1,Mammalia,Theria,Eutheria,Carnivora,Mustelidae,Lontra,Lontra canadensis,37,135,10.08
383,GSAGPPGATGFPGAAGRVGPPGPSGNAGPPGPPGPAGK,6,0,3269.55040156841,705,742,1,Mammalia,Theria,Eutheria,Carnivora,Mustelidae,Lontra,Lontra canadensis,37,135,4.09
384,GSAGPPGATGFPGAAGR,2,0,1459.68544507027,705,721,0,Mammalia,Theria,Eutheria,Carnivora,Mustelidae,Lontra,Lontra canadensis,16,134,114.73
385,GSAGPPGATGFPGAAGR,3,0,1475.68035531044,705,721,0,Mammalia,Theria,Eutheria,Carnivora,Mustelidae,Lontra,Lontra canadensis,16,134,70.88
386,GARGSAGPPGATGFPGAAGR,2,0,1743.84519553185,702,721,1,Mammalia,Theria,Eutheria,Carnivora,Mustelidae,Lontra,Lontra canadensis,19,132,66.18
387,GARGSAGPPGATGFPGAAGR,3,0,1759.84010577202,702,721,1,Mammalia,Theria,Eutheria,Carnivora,Mustelidae,Lontra,Lontra canadensis,19,132,8.68
388,GDAGPPGPAGPTGPPGPIGNVGAPGPKGAR,4,0,2637.29485929012,675,704,1,Mammalia,Theria,Eutheria,Carnivora,Mustelidae,Lontra,Lontra canadensis,29,131,45.02
389,GDAGPPGPAGPTGPPGPIGNVGAPGPKGAR,3,0,2621.29994904995,675,704,1,Mammalia,Theria,Eutheria,Carnivora,Mustelidae,Lontra,Lontra canadensis,29,131,17.95
390,GDAGPPGPAGPTGPPGPIGNVGAPGPKGAR,4,1,2638.27886962891,675,704,1,Mammalia,Theria,Eutheria,Carnivora,Mustelidae,Lontra,Lontra canadensis,29,131,2.01
391,GDAGPPGPAGPTGPPGPIGNVGAPGPKGAR,5,0,2653.2897695303,675,704,1,Mammalia,Theria,Eutheria,Carnivora,Mustelidae,Lontra,Lontra canadensis,29,131,1.08
392,GDAGPPGPAGPTGPPGPIGNVGAPGPK,1,0,2305.15037810802,675,701,0,Mammalia,Theria,Eutheria,Carnivora,Mustelidae,Lontra,Lontra canadensis,26,130,88.97
393,GDAGPPGPAGPTGPPGPIGNVGAPGPK,2,0,2321.1452883482,675,701,0,Mammalia,Theria,Eutheria,Carnivora,Mustelidae,Lontra,Lontra canadensis,26,130,88.02
394,GDAGPPGPAGPTGPPGPIGNVGAPGPK,2,1,2322.12929868698,675,701,0,Mammalia,Theria,Eutheria,Carnivora,Mustelidae,Lontra,Lontra canadensis,26,130,61.27
395,GDAGPPGPAGPTGPPGPIGNVGAPGPK,3,0,2337.14019858837,675,701,0,Mammalia,Theria,Eutheria,Carnivora,Mustelidae,Lontra,Lontra canadensis,26,130,59.3
396,GDAGPPGPAGPTGPPGPIGNVGAPGPK,4,0,2353.13510882854,675,701,0,Mammalia,Theria,Eutheria,Carnivora,Mustelidae,Lontra,Lontra canadensis,26,130,53.92
397,GDAGPPGPAGPTGPPGPIGNVGAPGPK,4,1,2354.11911916733,675,701,0,Mammalia,Theria,Eutheria,Carnivora,Mustelidae,Lontra,Lontra canadensis,26,130,36.46
398,GDAGPPGPAGPTGPPGPIGNVGAPGPK,3,1,2338.12420892715,675,701,0,Mammalia,Theria,Eutheria,Carnivora,Mustelidae,Lontra,Lontra canadensis,26,130,33.38
399,GDAGPPGPAGPTGPPGPIGNVGAPGPK,0,0,2289.15546786785,675,701,0,Mammalia,Theria,Eutheria,Carnivora,Mustelidae,Lontra,Lontra canadensis,26,130,21.58
400,GDAGPPGPAGPTGPPGPIGNVGAPGPK,6,1,2386.10893964767,675,701,0,Mammalia,Theria,Eutheria,Carnivora,Mustelidae,Lontra,Lontra canadensis,26,130,0.45
401,GEPGDAGAKGDAGPPGPAGPTGPPGPIGNVGAPGPK,6,0,3167.48096239567,666,701,1,Mammalia,Theria,Eutheria,Carnivora,Mustelidae,Lontra,Lontra canadensis,35,128,55.63
402,GEPGDAGAKGDAGPPGPAGPTGPPGPIGNVGAPGPK,3,0,3119.49623167515,666,701,1,Mammalia,Theria,Eutheria,Carnivora,Mustelidae,Lontra,Lontra canadensis,35,128,51.73
403,GEPGDAGAKGDAGPPGPAGPTGPPGPIGNVGAPGPK,5,0,3151.48605215549,666,701,1,Mammalia,Theria,Eutheria,Carnivora,Mustelidae,Lontra,Lontra canadensis,35,128,50.18
404,GEPGDAGAKGDAGPPGPAGPTGPPGPIGNVGAPGPK,4,1,3136.4751522541,666,701,1,Mammalia,Theria,Eutheria,Carnivora,Mustelidae,Lontra,Lontra canadensis,35,128,43.09
405,GEPGDAGAKGDAGPPGPAGPTGPPGPIGNVGAPGPK,2,0,3103.50132143497,666,701,1,Mammalia,Theria,Eutheria,Carnivora,Mustelidae,Lontra,Lontra canadensis,35,128,34.65
406,GEPGDAGAKGDAGPPGPAGPTGPPGPIGNVGAPGPK,6,1,3168.46497273445,666,701,1,Mammalia,Theria,Eutheria,Carnivora,Mustelidae,Lontra,Lontra canadensis,35,128,34.12
407,GEPGDAGAKGDAGPPGPAGPTGPPGPIGNVGAPGPK,4,0,3135.49114191532,666,701,1,Mammalia,Theria,Eutheria,Carnivora,Mustelidae,Lontra,Lontra canadensis,35,128,29.3
408,GEPGDAGAKGDAGPPGPAGPTGPPGPIGNVGAPGPK,5,1,3152.47006249428,666,701,1,Mammalia,Theria,Eutheria,Carnivora,Mustelidae,Lontra,Lontra canadensis,35,128,0.86
409,GEPGDAGAKGDAGPPGPAGPTGPPGPIGNVGAPGPK,3,1,3120.48024201393,666,701,1,Mammalia,Theria,Eutheria,Carnivora,Mustelidae,Lontra,Lontra canadensis,35,128,0.58
410,GEPGDAGAK,1,0,817.361513614655,666,674,0,Mammalia,Theria,Eutheria,Carnivora,Mustelidae,Lontra,Lontra canadensis,8,127,6.61
411,GEPGPPGPAGFAGPPGADGQPGAKGEPGDAGAK,5,0,2948.3225915432,642,674,1,Mammalia,Theria,Eutheria,Carnivora,Mustelidae,Lontra,Lontra canadensis,32,126,28.68
412,GEPGPPGPAGFAGPPGADGQPGAKGEPGDAGAK,4,0,2932.32768130302,642,674,1,Mammalia,Theria,Eutheria,Carnivora,Mustelidae,Lontra,Lontra canadensis,32,126,17.65
413,GEPGPPGPAGFAGPPGADGQPGAKGEPGDAGAK,4,1,2933.31169164181,642,674,1,Mammalia,Theria,Eutheria,Carnivora,Mustelidae,Lontra,Lontra canadensis,32,126,16.91
414,GEPGPPGPAGFAGPPGADGQPGAKGEPGDAGAK,3,0,2916.33277106285,642,674,1,Mammalia,Theria,Eutheria,Carnivora,Mustelidae,Lontra,Lontra canadensis,32,126,12.51
415,GEPGPPGPAGFAGPPGADGQPGAKGEPGDAGAK,6,0,2964.31750178337,642,674,1,Mammalia,Theria,Eutheria,Carnivora,Mustelidae,Lontra,Lontra canadensis,32,126,12.0
416,GEPGPPGPAGFAGPPGADGQPGAKGEPGDAGAK,3,1,2917.31678140163,642,674,1,Mammalia,Theria,Eutheria,Carnivora,Mustelidae,Lontra,Lontra canadensis,32,126,11.82
417,GEPGPPGPAGFAGPPGADGQPGAKGEPGDAGAK,6,1,2965.30151212215,642,674,1,Mammalia,Theria,Eutheria,Carnivora,Mustelidae,Lontra,Lontra canadensis,32,126,9.35
418,GEPGPPGPAGFAGPPGADGQPGAKGEPGDAGAK,2,0,2900.33786082268,642,674,1,Mammalia,Theria,Eutheria,Carnivora,Mustelidae,Lontra,Lontra canadensis,32,126,0.1
419,GEPGPPGPAGFAGPPGADGQPGAK,2,0,2117.9818277359,642,665,0,Mammalia,Theria,Eutheria,Carnivora,Mustelidae,Lontra,Lontra canadensis,23,125,81.15
420,GEPGPPGPAGFAGPPGADGQPGAK,4,0,2149.97164821625,642,665,0,Mammalia,Theria,Eutheria,Carnivora,Mustelidae,Lontra,Lontra canadensis,23,125,78.2
421,GEPGPPGPAGFAGPPGADGQPGAK,3,0,2133.97673797607,642,665,0,Mammalia,Theria,Eutheria,Carnivora,Mustelidae,Lontra,Lontra canadensis,23,125,67.7
422,GEPGPPGPAGFAGPPGADGQPGAK,2,1,2118.96583807468,642,665,0,Mammalia,Theria,Eutheria,Carnivora,Mustelidae,Lontra,Lontra canadensis,23,125,47.73
423,GEPGPPGPAGFAGPPGADGQPGAK,4,1,2150.95565855503,642,665,0,Mammalia,Theria,Eutheria,Carnivora,Mustelidae,Lontra,Lontra canadensis,23,125,47.65
424,GEPGPPGPAGFAGPPGADGQPGAK,3,1,2134.96074831486,642,665,0,Mammalia,Theria,Eutheria,Carnivora,Mustelidae,Lontra,Lontra canadensis,23,125,36.73
425,GEPGPPGPAGFAGPPGADGQPGAK,5,0,2165.96655845642,642,665,0,Mammalia,Theria,Eutheria,Carnivora,Mustelidae,Lontra,Lontra canadensis,23,125,36.37
426,GEPGPPGPAGFAGPPGADGQPGAK,1,0,2101.98691749573,642,665,0,Mammalia,Theria,Eutheria,Carnivora,Mustelidae,Lontra,Lontra canadensis,23,125,16.58
427,GEPGPPGPAGFAGPPGADGQPGAK,0,1,2086.97601759434,642,665,0,Mammalia,Theria,Eutheria,Carnivora,Mustelidae,Lontra,Lontra canadensis,23,125,1.95
428,GAPGDRGEPGPPGPAGFAGPPGADGQPGAK,5,0,2719.22752010822,636,665,1,Mammalia,Theria,Eutheria,Carnivora,Mustelidae,Lontra,Lontra canadensis,29,123,48.27
429,GAPGDRGEPGPPGPAGFAGPPGADGQPGAK,4,0,2703.23260986805,636,665,1,Mammalia,Theria,Eutheria,Carnivora,Mustelidae,Lontra,Lontra canadensis,29,123,44.71
430,GAPGDRGEPGPPGPAGFAGPPGADGQPGAK,5,1,2720.21153044701,636,665,1,Mammalia,Theria,Eutheria,Carnivora,Mustelidae,Lontra,Lontra canadensis,29,123,35.27
431,GAPGDRGEPGPPGPAGFAGPPGADGQPGAK,3,0,2687.23769962788,636,665,1,Mammalia,Theria,Eutheria,Carnivora,Mustelidae,Lontra,Lontra canadensis,29,123,35.06
432,GAPGDRGEPGPPGPAGFAGPPGADGQPGAK,4,1,2704.21662020683,636,665,1,Mammalia,Theria,Eutheria,Carnivora,Mustelidae,Lontra,Lontra canadensis,29,123,31.09
433,GAPGDRGEPGPPGPAGFAGPPGADGQPGAK,2,0,2671.2427893877,636,665,1,Mammalia,Theria,Eutheria,Carnivora,Mustelidae,Lontra,Lontra canadensis,29,123,28.27
434,GAPGDRGEPGPPGPAGFAGPPGADGQPGAK,3,1,2688.22170996666,636,665,1,Mammalia,Theria,Eutheria,Carnivora,Mustelidae,Lontra,Lontra canadensis,29,123,21.74
435,GEAGPSGPAGPTGAR,0,0,1281.61118459702,621,635,0,Mammalia,Theria,Eutheria,Carnivora,Mustelidae,Lontra,Lontra canadensis,14,122,68.57
436,GEAGPSGPAGPTGAR,1,0,1297.60609483719,621,635,0,Mammalia,Theria,Eutheria,Carnivora,Mustelidae,Lontra,Lontra canadensis,14,122,40.93
437,GLTGPIGPPGPAGAPGDKGEAGPSGPAGPTGAR,2,0,2853.40592038631,603,635,1,Mammalia,Theria,Eutheria,Carnivora,Mustelidae,Lontra,Lontra canadensis,32,121,55.32
438,GLTGPIGPPGPAGAPGDKGEAGPSGPAGPTGAR,3,0,2869.40083062649,603,635,1,Mammalia,Theria,Eutheria,Carnivora,Mustelidae,Lontra,Lontra canadensis,32,121,34.4
439,GLTGPIGPPGPAGAPGDKGEAGPSGPAGPTGAR,1,0,2837.41101014614,603,635,1,Mammalia,Theria,Eutheria,Carnivora,Mustelidae,Lontra,Lontra canadensis,32,121,31.43
440,GLTGPIGPPGPAGAPGDKGEAGPSGPAGPTGAR,4,0,2885.39574086666,603,635,1,Mammalia,Theria,Eutheria,Carnivora,Mustelidae,Lontra,Lontra canadensis,32,121,24.04
441,GLTGPIGPPGPAGAPGDKGEAGPSGPAGPTGAR,5,0,2901.39065110683,603,635,1,Mammalia,Theria,Eutheria,Carnivora,Mustelidae,Lontra,Lontra canadensis,32,121,14.45
442,GLTGPIGPPGPAGAPGDK,1,0,1574.81039583683,603,620,0,Mammalia,Theria,Eutheria,Carnivora,Mustelidae,Lontra,Lontra canadensis,17,120,68.59
443,GLTGPIGPPGPAGAPGDK,3,0,1606.80021631718,603,620,0,Mammalia,Theria,Eutheria,Carnivora,Mustelidae,Lontra,Lontra canadensis,17,120,41.73
444,GLTGPIGPPGPAGAPGDK,2,0,1590.805306077,603,620,0,Mammalia,Theria,Eutheria,Carnivora,Mustelidae,Lontra,Lontra canadensis,17,120,14.78
445,GLTGPIGPPGPAGAPGDK,6,0,1654.7849470377,603,620,0,Mammalia,Theria,Eutheria,Carnivora,Mustelidae,Lontra,Lontra canadensis,17,120,0.73
446,DGVRGLTGPIGPPGPAGAPGDK,3,0,2034.01823759079,599,620,1,Mammalia,Theria,Eutheria,Carnivora,Mustelidae,Lontra,Lontra canadensis,21,119,1.34
447,GADGSPGKDGVR,1,0,1131.53183436394,591,602,1,Mammalia,Theria,Eutheria,Carnivora,Mustelidae,Lontra,Lontra canadensis,11,116,62.75
448,GADGSPGKDGVR,0,0,1115.53692412376,591,602,1,Mammalia,Theria,Eutheria,Carnivora,Mustelidae,Lontra,Lontra canadensis,11,116,42.78
449,GDAGPKGADGSPGK,2,0,1245.56354522705,585,598,1,Mammalia,Theria,Eutheria,Carnivora,Mustelidae,Lontra,Lontra canadensis,13,114,14.49
450,GDAGPKGADGSPGK,1,0,1229.56863498688,585,598,1,Mammalia,Theria,Eutheria,Carnivora,Mustelidae,Lontra,Lontra canadensis,13,114,3.24
451,GDRGDAGPK,0,0,872.414963126183,582,590,1,Mammalia,Theria,Eutheria,Carnivora,Mustelidae,Lontra,Lontra canadensis,8,112,28.33
452,GAAGLPGPKGDR,2,0,1127.57333397865,573,584,1,Mammalia,Theria,Eutheria,Carnivora,Mustelidae,Lontra,Lontra canadensis,11,110,50.92
453,GAAGLPGPKGDR,1,0,1111.57842373848,573,584,1,Mammalia,Theria,Eutheria,Carnivora,Mustelidae,Lontra,Lontra canadensis,11,110,46.81
454,GAAGLPGPKGDR,3,0,1143.56824421883,573,584,1,Mammalia,Theria,Eutheria,Carnivora,Mustelidae,Lontra,Lontra canadensis,11,110,5.94
455,GDAGAPGAPGSQGAPGLQGMPGERGAAGLPGPK,3,1,2932.37871146202,549,581,1,Mammalia,Theria,Eutheria,Carnivora,Mustelidae,Lontra,Lontra canadensis,32,108,1.71
456,GDAGAPGAPGSQGAPGLQGMPGERGAAGLPGPK,5,1,2964.36853194237,549,581,1,Mammalia,Theria,Eutheria,Carnivora,Mustelidae,Lontra,Lontra canadensis,32,108,0.43
457,GDAGAPGAPGSQGAPGLQGMPGER,4,0,2198.96623909473,549,572,0,Mammalia,Theria,Eutheria,Carnivora,Mustelidae,Lontra,Lontra canadensis,23,106,82.98
458,GDAGAPGAPGSQGAPGLQGMPGER,4,1,2199.95024943352,549,572,0,Mammalia,Theria,Eutheria,Carnivora,Mustelidae,Lontra,Lontra canadensis,23,106,79.03
459,GDAGAPGAPGSQGAPGLQGMPGER,5,0,2214.96114933491,549,572,0,Mammalia,Theria,Eutheria,Carnivora,Mustelidae,Lontra,Lontra canadensis,23,106,62.11
460,GDAGAPGAPGSQGAPGLQGMPGER,5,1,2215.94515967369,549,572,0,Mammalia,Theria,Eutheria,Carnivora,Mustelidae,Lontra,Lontra canadensis,23,106,44.9
461,GDAGAPGAPGSQGAPGLQGMPGER,4,2,2200.9342597723,549,572,0,Mammalia,Theria,Eutheria,Carnivora,Mustelidae,Lontra,Lontra canadensis,23,106,42.84
462,GANGAPGNDGAKGDAGAPGAPGSQGAPGLQGMPGER,5,1,3225.40306317806,537,572,1,Mammalia,Theria,Eutheria,Carnivora,Mustelidae,Lontra,Lontra canadensis,35,104,50.88
463,GANGAPGNDGAKGDAGAPGAPGSQGAPGLQGMPGER,7,1,3257.39288365841,537,572,1,Mammalia,Theria,Eutheria,Carnivora,Mustelidae,Lontra,Lontra canadensis,35,104,50.15
464,GANGAPGNDGAKGDAGAPGAPGSQGAPGLQGMPGER,5,0,3224.41905283928,537,572,1,Mammalia,Theria,Eutheria,Carnivora,Mustelidae,Lontra,Lontra canadensis,35,104,46.15
465,GANGAPGNDGAKGDAGAPGAPGSQGAPGLQGMPGER,6,2,3242.38198375702,537,572,1,Mammalia,Theria,Eutheria,Carnivora,Mustelidae,Lontra,Lontra canadensis,35,104,44.36
466,GANGAPGNDGAKGDAGAPGAPGSQGAPGLQGMPGER,7,0,3256.40887331963,537,572,1,Mammalia,Theria,Eutheria,Carnivora,Mustelidae,Lontra,Lontra canadensis,35,104,40.2
467,GANGAPGNDGAKGDAGAPGAPGSQGAPGLQGMPGER,6,0,3240.41396307945,537,572,1,Mammalia,Theria,Eutheria,Carnivora,Mustelidae,Lontra,Lontra canadensis,35,104,35.16
468,GANGAPGNDGAKGDAGAPGAPGSQGAPGLQGMPGER,6,1,3241.39797341824,537,572,1,Mammalia,Theria,Eutheria,Carnivora,Mustelidae,Lontra,Lontra canadensis,35,104,34.71
469,GANGAPGNDGAKGDAGAPGAPGSQGAPGLQGMPGER,7,2,3258.37689399719,537,572,1,Mammalia,Theria,Eutheria,Carnivora,Mustelidae,Lontra,Lontra canadensis,35,104,34.12
470,GANGAPGNDGAKGDAGAPGAPGSQGAPGLQGMPGER,2,1,3177.41833245754,537,572,1,Mammalia,Theria,Eutheria,Carnivora,Mustelidae,Lontra,Lontra canadensis,35,104,22.99
471,GANGAPGNDGAKGDAGAPGAPGSQGAPGLQGMPGER,6,3,3243.3659940958,537,572,1,Mammalia,Theria,Eutheria,Carnivora,Mustelidae,Lontra,Lontra canadensis,35,104,17.01
472,GANGAPGNDGAKGDAGAPGAPGSQGAPGLQGMPGER,2,0,3176.43432211876,537,572,1,Mammalia,Theria,Eutheria,Carnivora,Mustelidae,Lontra,Lontra canadensis,35,104,3.64
473,GANGAPGNDGAK,1,0,1044.46338403225,537,548,0,Mammalia,Theria,Eutheria,Carnivora,Mustelidae,Lontra,Lontra canadensis,11,103,32.51
474,GANGAPGNDGAK,0,1,1029.45248413086,537,548,0,Mammalia,Theria,Eutheria,Carnivora,Mustelidae,Lontra,Lontra canadensis,11,103,28.26
475,GANGAPGNDGAK,1,1,1045.44739437103,537,548,0,Mammalia,Theria,Eutheria,Carnivora,Mustelidae,Lontra,Lontra canadensis,11,103,25.15
476,GVQGPPGPAGPRGANGAPGNDGAK,2,0,2131.02066719532,525,548,1,Mammalia,Theria,Eutheria,Carnivora,Mustelidae,Lontra,Lontra canadensis,23,102,23.53
477,GVQGPPGPAGPRGANGAPGNDGAK,2,1,2132.0046775341,525,548,1,Mammalia,Theria,Eutheria,Carnivora,Mustelidae,Lontra,Lontra canadensis,23,102,17.5
478,GVQGPPGPAGPRGANGAPGNDGAK,3,3,2149.96760845184,525,548,1,Mammalia,Theria,Eutheria,Carnivora,Mustelidae,Lontra,Lontra canadensis,23,102,1.0
479,GVQGPPGPAGPR,1,0,1105.56785345078,525,536,0,Mammalia,Theria,Eutheria,Carnivora,Mustelidae,Lontra,Lontra canadensis,11,101,64.18
480,GVQGPPGPAGPR,1,1,1106.55186378956,525,536,0,Mammalia,Theria,Eutheria,Carnivora,Mustelidae,Lontra,Lontra canadensis,11,101,56.8
481,GVQGPPGPAGPR,0,0,1089.5729432106,525,536,0,Mammalia,Theria,Eutheria,Carnivora,Mustelidae,Lontra,Lontra canadensis,11,101,39.77
482,GVQGPPGPAGPR,2,0,1121.56276369095,525,536,0,Mammalia,Theria,Eutheria,Carnivora,Mustelidae,Lontra,Lontra canadensis,11,101,24.48
483,GVQGPPGPAGPR,3,1,1138.54168426991,525,536,0,Mammalia,Theria,Eutheria,Carnivora,Mustelidae,Lontra,Lontra canadensis,11,101,15.14
484,GFPGERGVQGPPGPAGPR,2,1,1765.85471582413,519,536,1,Mammalia,Theria,Eutheria,Carnivora,Mustelidae,Lontra,Lontra canadensis,17,99,40.67
485,GFPGERGVQGPPGPAGPR,2,0,1764.87070548534,519,536,1,Mammalia,Theria,Eutheria,Carnivora,Mustelidae,Lontra,Lontra canadensis,17,99,28.1
486,GFPGERGVQGPPGPAGPR,5,0,1812.85543620586,519,536,1,Mammalia,Theria,Eutheria,Carnivora,Mustelidae,Lontra,Lontra canadensis,17,99,0.43
487,GERGFPGER,1,0,1020.47865331173,516,524,1,Mammalia,Theria,Eutheria,Carnivora,Mustelidae,Lontra,Lontra canadensis,8,97,45.97
488,DGEAGAQGAPGPAGPAGER,1,0,1680.7502464056,452,470,0,Mammalia,Theria,Eutheria,Carnivora,Mustelidae,Lontra,Lontra canadensis,18,92,89.22
489,DGEAGAQGAPGPAGPAGER,0,0,1664.75533616543,452,470,0,Mammalia,Theria,Eutheria,Carnivora,Mustelidae,Lontra,Lontra canadensis,18,92,88.77
490,DGEAGAQGAPGPAGPAGER,0,1,1665.73934650421,452,470,0,Mammalia,Theria,Eutheria,Carnivora,Mustelidae,Lontra,Lontra canadensis,18,92,78.12
491,DGEAGAQGAPGPAGPAGER,1,1,1681.73425674438,452,470,0,Mammalia,Theria,Eutheria,Carnivora,Mustelidae,Lontra,Lontra canadensis,18,92,77.15
492,DGEAGAQGAPGPAGPAGER,2,0,1696.74515664577,452,470,0,Mammalia,Theria,Eutheria,Carnivora,Mustelidae,Lontra,Lontra canadensis,18,92,10.66
493,DGEAGAQGAPGPAGPAGER,2,1,1697.72916698456,452,470,0,Mammalia,Theria,Eutheria,Carnivora,Mustelidae,Lontra,Lontra canadensis,18,92,3.02
494,GVPGPPGAVGPAGKDGEAGAQGAPGPAGPAGER,1,0,2822.37492990494,438,470,1,Mammalia,Theria,Eutheria,Carnivora,Mustelidae,Lontra,Lontra canadensis,32,91,53.14
495,GVPGPPGAVGPAGKDGEAGAQGAPGPAGPAGER,3,0,2854.36475038528,438,470,1,Mammalia,Theria,Eutheria,Carnivora,Mustelidae,Lontra,Lontra canadensis,32,91,52.77
496,GVPGPPGAVGPAGKDGEAGAQGAPGPAGPAGER,2,0,2838.36984014511,438,470,1,Mammalia,Theria,Eutheria,Carnivora,Mustelidae,Lontra,Lontra canadensis,32,91,50.11
497,GVPGPPGAVGPAGKDGEAGAQGAPGPAGPAGER,3,1,2855.34876072407,438,470,1,Mammalia,Theria,Eutheria,Carnivora,Mustelidae,Lontra,Lontra canadensis,32,91,24.18
498,GVPGPPGAVGPAGKDGEAGAQGAPGPAGPAGER,6,1,2903.33349144459,438,470,1,Mammalia,Theria,Eutheria,Carnivora,Mustelidae,Lontra,Lontra canadensis,32,91,5.85
499,GVPGPPGAVGPAGK,2,0,1192.62507426739,438,451,0,Mammalia,Theria,Eutheria,Carnivora,Mustelidae,Lontra,Lontra canadensis,13,90,64.49
500,GVPGPPGAVGPAGK,1,0,1176.63016402721,438,451,0,Mammalia,Theria,Eutheria,Carnivora,Mustelidae,Lontra,Lontra canadensis,13,90,43.51
501,GVPGPPGAVGPAGK,0,0,1160.63525378704,438,451,0,Mammalia,Theria,Eutheria,Carnivora,Mustelidae,Lontra,Lontra canadensis,13,90,32.61
502,GVPGPPGAVGPAGK,3,0,1208.61998450756,438,451,0,Mammalia,Theria,Eutheria,Carnivora,Mustelidae,Lontra,Lontra canadensis,13,90,6.75
503,AGERGVPGPPGAVGPAGK,2,0,1605.82743549347,434,451,1,Mammalia,Theria,Eutheria,Carnivora,Mustelidae,Lontra,Lontra canadensis,17,88,34.39
504,AGERGVPGPPGAVGPAGK,1,0,1589.8325252533,434,451,1,Mammalia,Theria,Eutheria,Carnivora,Mustelidae,Lontra,Lontra canadensis,17,88,8.33
505,GAAGEPGKAGER,0,0,1099.54201388359,426,437,1,Mammalia,Theria,Eutheria,Carnivora,Mustelidae,Lontra,Lontra canadensis,11,86,47.95
506,GAAGEPGKAGER,2,0,1131.53183436394,426,437,1,Mammalia,Theria,Eutheria,Carnivora,Mustelidae,Lontra,Lontra canadensis,11,86,43.35
507,GAAGEPGKAGER,1,0,1115.53692412376,426,437,1,Mammalia,Theria,Eutheria,Carnivora,Mustelidae,Lontra,Lontra canadensis,11,86,37.67
508,GQAGVMGFPGPKGAAGEPGK,4,0,1876.87891757488,414,433,1,Mammalia,Theria,Eutheria,Carnivora,Mustelidae,Lontra,Lontra canadensis,19,84,40.01
509,GQAGVMGFPGPKGAAGEPGK,2,0,1844.88909709454,414,433,1,Mammalia,Theria,Eutheria,Carnivora,Mustelidae,Lontra,Lontra canadensis,19,84,32.89
510,GQAGVMGFPGPKGAAGEPGK,3,0,1860.88400733471,414,433,1,Mammalia,Theria,Eutheria,Carnivora,Mustelidae,Lontra,Lontra canadensis,19,84,24.36
511,GQAGVMGFPGPKGAAGEPGK,4,1,1877.86292791367,414,433,1,Mammalia,Theria,Eutheria,Carnivora,Mustelidae,Lontra,Lontra canadensis,19,84,17.8
512,GQAGVMGFPGPKGAAGEPGK,2,1,1845.87310743332,414,433,1,Mammalia,Theria,Eutheria,Carnivora,Mustelidae,Lontra,Lontra canadensis,19,84,15.59
513,GQAGVMGFPGPKGAAGEPGK,5,0,1892.87382781506,414,433,1,Mammalia,Theria,Eutheria,Carnivora,Mustelidae,Lontra,Lontra canadensis,19,84,4.17
514,GQAGVMGFPGPK,2,0,1177.56001472473,414,425,0,Mammalia,Theria,Eutheria,Carnivora,Mustelidae,Lontra,Lontra canadensis,11,82,74.37
515,GQAGVMGFPGPK,1,0,1161.56510448456,414,425,0,Mammalia,Theria,Eutheria,Carnivora,Mustelidae,Lontra,Lontra canadensis,11,82,71.65
516,GQAGVMGFPGPK,2,1,1178.54402506351,414,425,0,Mammalia,Theria,Eutheria,Carnivora,Mustelidae,Lontra,Lontra canadensis,11,82,68.81
517,GQAGVMGFPGPK,3,0,1193.5549249649,414,425,0,Mammalia,Theria,Eutheria,Carnivora,Mustelidae,Lontra,Lontra canadensis,11,82,60.64
518,GQAGVMGFPGPK,1,1,1162.54911482334,414,425,0,Mammalia,Theria,Eutheria,Carnivora,Mustelidae,Lontra,Lontra canadensis,11,82,53.97
519,GQAGVMGFPGPK,3,1,1194.53893530369,414,425,0,Mammalia,Theria,Eutheria,Carnivora,Mustelidae,Lontra,Lontra canadensis,11,82,51.35
520,GQAGVMGFPGPK,4,0,1209.54983520508,414,425,0,Mammalia,Theria,Eutheria,Carnivora,Mustelidae,Lontra,Lontra canadensis,11,82,18.68
521,GQAGVMGFPGPK,4,1,1210.53384554386,414,425,0,Mammalia,Theria,Eutheria,Carnivora,Mustelidae,Lontra,Lontra canadensis,11,82,11.88
522,TGPPGPAGQDGRPGPPGPPGARGQAGVMGFPGPK,5,0,3199.52717125416,392,425,1,Mammalia,Theria,Eutheria,Carnivora,Mustelidae,Lontra,Lontra canadensis,33,78,3.86
523,TGPPGPAGQDGRPGPPGPPGARGQAGVMGFPGPK,3,1,3168.52136111259,392,425,1,Mammalia,Theria,Eutheria,Carnivora,Mustelidae,Lontra,Lontra canadensis,33,78,0.38
524,TGPPGPAGQDGRPGPPGPPGAR,4,0,2056.9726370573,392,413,0,Mammalia,Theria,Eutheria,Carnivora,Mustelidae,Lontra,Lontra canadensis,21,77,41.06
525,TGPPGPAGQDGRPGPPGPPGAR,3,1,2041.96173715591,392,413,0,Mammalia,Theria,Eutheria,Carnivora,Mustelidae,Lontra,Lontra canadensis,21,77,40.38
526,TGPPGPAGQDGRPGPPGPPGAR,4,1,2057.95664739609,392,413,0,Mammalia,Theria,Eutheria,Carnivora,Mustelidae,Lontra,Lontra canadensis,21,77,40.2
527,TGPPGPAGQDGRPGPPGPPGAR,2,0,2024.98281657696,392,413,0,Mammalia,Theria,Eutheria,Carnivora,Mustelidae,Lontra,Lontra canadensis,21,77,37.31
528,TGPPGPAGQDGRPGPPGPPGAR,3,0,2040.97772681713,392,413,0,Mammalia,Theria,Eutheria,Carnivora,Mustelidae,Lontra,Lontra canadensis,21,77,36.53
529,TGPPGPAGQDGRPGPPGPPGAR,2,1,2025.96682691574,392,413,0,Mammalia,Theria,Eutheria,Carnivora,Mustelidae,Lontra,Lontra canadensis,21,77,16.32
530,TGPPGPAGQDGRPGPPGPPGAR,5,0,2072.96754729748,392,413,0,Mammalia,Theria,Eutheria,Carnivora,Mustelidae,Lontra,Lontra canadensis,21,77,13.58
531,GLTGSPGSPGPDGKTGPPGPAGQDGRPGPPGPPGAR,7,1,3313.52495276928,378,413,1,Mammalia,Theria,Eutheria,Carnivora,Mustelidae,Lontra,Lontra canadensis,35,75,31.19
532,GLTGSPGSPGPDGKTGPPGPAGQDGRPGPPGPPGAR,6,1,3297.53004252911,378,413,1,Mammalia,Theria,Eutheria,Carnivora,Mustelidae,Lontra,Lontra canadensis,35,75,29.7
533,GLTGSPGSPGPDGKTGPPGPAGQDGRPGPPGPPGAR,6,0,3296.54603219032,378,413,1,Mammalia,Theria,Eutheria,Carnivora,Mustelidae,Lontra,Lontra canadensis,35,75,25.61
534,GLTGSPGSPGPDGK,2,0,1258.58396542072,378,391,0,Mammalia,Theria,Eutheria,Carnivora,Mustelidae,Lontra,Lontra canadensis,13,73,62.09
535,GLTGSPGSPGPDGK,1,0,1242.58905518055,378,391,0,Mammalia,Theria,Eutheria,Carnivora,Mustelidae,Lontra,Lontra canadensis,13,73,56.9
536,GLTGSPGSPGPDGK,3,0,1274.5788756609,378,391,0,Mammalia,Theria,Eutheria,Carnivora,Mustelidae,Lontra,Lontra canadensis,13,73,9.58
537,GSPGEAGRPGEAGLPGAKGLTGSPGSPGPDGK,6,0,2911.35972177982,360,391,1,Mammalia,Theria,Eutheria,Carnivora,Mustelidae,Lontra,Lontra canadensis,31,71,8.41
538,GSPGEAGRPGEAGLPGAK,3,0,1655.79141640663,360,377,0,Mammalia,Theria,Eutheria,Carnivora,Mustelidae,Lontra,Lontra canadensis,17,70,74.94
539,GSPGEAGRPGEAGLPGAK,2,0,1639.79650616646,360,377,0,Mammalia,Theria,Eutheria,Carnivora,Mustelidae,Lontra,Lontra canadensis,17,70,43.5
540,GSPGEAGRPGEAGLPGAK,4,0,1671.7863266468,360,377,0,Mammalia,Theria,Eutheria,Carnivora,Mustelidae,Lontra,Lontra canadensis,17,70,14.64
541,GSPGPAGPKGSPGEAGRPGEAGLPGAK,5,0,2436.16819930077,351,377,1,Mammalia,Theria,Eutheria,Carnivora,Mustelidae,Lontra,Lontra canadensis,26,69,26.57
542,GSPGPAGPKGSPGEAGRPGEAGLPGAK,4,0,2420.17328906059,351,377,1,Mammalia,Theria,Eutheria,Carnivora,Mustelidae,Lontra,Lontra canadensis,26,69,13.17
543,GPAGERGSPGPAGPK,1,0,1350.669064641,345,359,1,Mammalia,Theria,Eutheria,Carnivora,Mustelidae,Lontra,Lontra canadensis,14,65,52.42
544,GPAGERGSPGPAGPK,2,0,1366.66397488117,345,359,1,Mammalia,Theria,Eutheria,Carnivora,Mustelidae,Lontra,Lontra canadensis,14,65,28.66
545,GPAGERGSPGPAGPK,0,0,1334.67415440083,345,359,1,Mammalia,Theria,Eutheria,Carnivora,Mustelidae,Lontra,Lontra canadensis,14,65,1.85
546,GPAGERGSPGPAGPK,4,0,1398.65379536152,345,359,1,Mammalia,Theria,Eutheria,Carnivora,Mustelidae,Lontra,Lontra canadensis,14,65,1.31
547,GFPGADGVAGPKGPAGER,1,0,1655.80668568611,333,350,1,Mammalia,Theria,Eutheria,Carnivora,Mustelidae,Lontra,Lontra canadensis,17,63,71.91
548,GFPGADGVAGPKGPAGER,2,0,1671.80159592628,333,350,1,Mammalia,Theria,Eutheria,Carnivora,Mustelidae,Lontra,Lontra canadensis,17,63,34.24
549,GFPGADGVAGPKGPAGER,3,0,1687.79650616646,333,350,1,Mammalia,Theria,Eutheria,Carnivora,Mustelidae,Lontra,Lontra canadensis,17,63,8.77
550,GFPGADGVAGPK,1,0,1088.53006398678,333,344,0,Mammalia,Theria,Eutheria,Carnivora,Mustelidae,Lontra,Lontra canadensis,11,62,66.75
551,GFPGADGVAGPK,2,0,1104.52497422695,333,344,0,Mammalia,Theria,Eutheria,Carnivora,Mustelidae,Lontra,Lontra canadensis,11,62,36.4
552,GGPGSRGFPGADGVAGPK,2,0,1615.77536559105,327,344,1,Mammalia,Theria,Eutheria,Carnivora,Mustelidae,Lontra,Lontra canadensis,17,61,46.11
553,GEPGPTGLPGPPGERGGPGSR,3,0,1976.93517720699,312,332,1,Mammalia,Theria,Eutheria,Carnivora,Mustelidae,Lontra,Lontra canadensis,20,60,36.15
554,GEPGPTGLPGPPGERGGPGSR,4,0,1992.93008744717,312,332,1,Mammalia,Theria,Eutheria,Carnivora,Mustelidae,Lontra,Lontra canadensis,20,60,31.37
555,GEPGPTGLPGPPGER,3,0,1465.6847858429,312,326,0,Mammalia,Theria,Eutheria,Carnivora,Mustelidae,Lontra,Lontra canadensis,14,59,77.47
556,GEPGPTGLPGPPGER,2,0,1449.68987560272,312,326,0,Mammalia,Theria,Eutheria,Carnivora,Mustelidae,Lontra,Lontra canadensis,14,59,51.69
557,GEPGPTGLPGPPGER,1,0,1433.69496536255,312,326,0,Mammalia,Theria,Eutheria,Carnivora,Mustelidae,Lontra,Lontra canadensis,14,59,22.15
558,GEPGPTGLPGPPGER,4,0,1481.67969608307,312,326,0,Mammalia,Theria,Eutheria,Carnivora,Mustelidae,Lontra,Lontra canadensis,14,59,10.03
559,GARGEPGPTGLPGPPGER,2,0,1733.8496260643,309,326,1,Mammalia,Theria,Eutheria,Carnivora,Mustelidae,Lontra,Lontra canadensis,17,57,46.46
560,GARGEPGPTGLPGPPGER,3,0,1749.84453630447,309,326,1,Mammalia,Theria,Eutheria,Carnivora,Mustelidae,Lontra,Lontra canadensis,17,57,44.67
561,GEPGPTGIQGPPGPAGEEGKR,2,0,2019.96616768837,288,308,1,Mammalia,Theria,Eutheria,Carnivora,Mustelidae,Lontra,Lontra canadensis,20,54,72.27
562,GEPGPTGIQGPPGPAGEEGKR,2,1,2020.95017802715,288,308,1,Mammalia,Theria,Eutheria,Carnivora,Mustelidae,Lontra,Lontra canadensis,20,54,71.89
563,GEPGPTGIQGPPGPAGEEGKR,1,0,2003.9712574482,288,308,1,Mammalia,Theria,Eutheria,Carnivora,Mustelidae,Lontra,Lontra canadensis,20,54,36.16
564,GEPGPTGIQGPPGPAGEEGKR,1,1,2004.95526778698,288,308,1,Mammalia,Theria,Eutheria,Carnivora,Mustelidae,Lontra,Lontra canadensis,20,54,3.04
565,GEPGPTGIQGPPGPAGEEGK,1,0,1847.87010741234,288,307,0,Mammalia,Theria,Eutheria,Carnivora,Mustelidae,Lontra,Lontra canadensis,19,53,84.23
566,GEPGPTGIQGPPGPAGEEGK,2,0,1863.86501765251,288,307,0,Mammalia,Theria,Eutheria,Carnivora,Mustelidae,Lontra,Lontra canadensis,19,53,73.39
567,GEPGPTGIQGPPGPAGEEGK,2,1,1864.84902799129,288,307,0,Mammalia,Theria,Eutheria,Carnivora,Mustelidae,Lontra,Lontra canadensis,19,53,65.73
568,GEPGPTGIQGPPGPAGEEGK,1,1,1848.85411775112,288,307,0,Mammalia,Theria,Eutheria,Carnivora,Mustelidae,Lontra,Lontra canadensis,19,53,34.05
569,GDTGAKGEPGPTGIQGPPGPAGEEGK,2,0,2393.11474978924,282,307,1,Mammalia,Theria,Eutheria,Carnivora,Mustelidae,Lontra,Lontra canadensis,25,51,36.89
570,GDTGAKGEPGPTGIQGPPGPAGEEGK,3,0,2409.10966002941,282,307,1,Mammalia,Theria,Eutheria,Carnivora,Mustelidae,Lontra,Lontra canadensis,25,51,32.25
571,GDTGAKGEPGPTGIQGPPGPAGEEGK,2,1,2394.09876012802,282,307,1,Mammalia,Theria,Eutheria,Carnivora,Mustelidae,Lontra,Lontra canadensis,25,51,24.84
572,GNSGEPGAPGNKGDTGAK,1,0,1629.73934650421,270,287,1,Mammalia,Theria,Eutheria,Carnivora,Mustelidae,Lontra,Lontra canadensis,17,49,63.08
573,GNSGEPGAPGNKGDTGAK,2,0,1645.73425674438,270,287,1,Mammalia,Theria,Eutheria,Carnivora,Mustelidae,Lontra,Lontra canadensis,17,49,62.22
574,GNSGEPGAPGNKGDTGAK,3,0,1661.72916698456,270,287,1,Mammalia,Theria,Eutheria,Carnivora,Mustelidae,Lontra,Lontra canadensis,17,49,61.77
575,GNSGEPGAPGNKGDTGAK,2,1,1646.71826708317,270,287,1,Mammalia,Theria,Eutheria,Carnivora,Mustelidae,Lontra,Lontra canadensis,17,49,10.56
576,GNSGEPGAPGNK,1,0,1100.48961436749,270,281,0,Mammalia,Theria,Eutheria,Carnivora,Mustelidae,Lontra,Lontra canadensis,11,48,37.92
577,GNSGEPGAPGNK,2,0,1116.48452460766,270,281,0,Mammalia,Theria,Eutheria,Carnivora,Mustelidae,Lontra,Lontra canadensis,11,48,36.94
578,GPSGPQGPSGPPGPKGNSGEPGAPGNK,3,0,2430.12121915817,255,281,1,Mammalia,Theria,Eutheria,Carnivora,Mustelidae,Lontra,Lontra canadensis,26,46,34.83
579,GPSGPQGPSGPPGPKGNSGEPGAPGNK,4,1,2447.10013973713,255,281,1,Mammalia,Theria,Eutheria,Carnivora,Mustelidae,Lontra,Lontra canadensis,26,46,21.01
580,GPSGPQGPSGPPGPKGNSGEPGAPGNK,3,1,2431.10522949696,255,281,1,Mammalia,Theria,Eutheria,Carnivora,Mustelidae,Lontra,Lontra canadensis,26,46,15.36
581,GPSGPQGPSGPPGPKGNSGEPGAPGNK,4,0,2446.11612939835,255,281,1,Mammalia,Theria,Eutheria,Carnivora,Mustelidae,Lontra,Lontra canadensis,26,46,14.86
582,GPSGPQGPSGPPGPKGNSGEPGAPGNK,2,0,2414.126308918,255,281,1,Mammalia,Theria,Eutheria,Carnivora,Mustelidae,Lontra,Lontra canadensis,26,46,12.17
583,GPSGPQGPSGPPGPKGNSGEPGAPGNK,1,1,2399.11540901661,255,281,1,Mammalia,Theria,Eutheria,Carnivora,Mustelidae,Lontra,Lontra canadensis,26,46,2.68
584,GPSGPQGPSGPPGPK,1,0,1332.64726483822,255,269,0,Mammalia,Theria,Eutheria,Carnivora,Mustelidae,Lontra,Lontra canadensis,14,45,81.76
585,GPSGPQGPSGPPGPK,2,0,1348.64217507839,255,269,0,Mammalia,Theria,Eutheria,Carnivora,Mustelidae,Lontra,Lontra canadensis,14,45,80.23
586,GPSGPQGPSGPPGPK,2,1,1349.62618541718,255,269,0,Mammalia,Theria,Eutheria,Carnivora,Mustelidae,Lontra,Lontra canadensis,14,45,69.44
587,GPSGPQGPSGPPGPK,3,0,1364.63708531857,255,269,0,Mammalia,Theria,Eutheria,Carnivora,Mustelidae,Lontra,Lontra canadensis,14,45,68.22
588,GPSGPQGPSGPPGPK,1,1,1333.631275177,255,269,0,Mammalia,Theria,Eutheria,Carnivora,Mustelidae,Lontra,Lontra canadensis,14,45,66.42
589,GPSGPQGPSGPPGPK,4,0,1380.63199555874,255,269,0,Mammalia,Theria,Eutheria,Carnivora,Mustelidae,Lontra,Lontra canadensis,14,45,5.2
590,GANGAPGIAGAPGFPGARGPSGPQGPSGPPGPK,4,1,2900.38550019264,237,269,1,Mammalia,Theria,Eutheria,Carnivora,Mustelidae,Lontra,Lontra canadensis,32,43,3.98
591,GANGAPGIAGAPGFPGARGPSGPQGPSGPPGPK,7,0,2947.38622057438,237,269,1,Mammalia,Theria,Eutheria,Carnivora,Mustelidae,Lontra,Lontra canadensis,32,43,0.15
592,GANGAPGIAGAPGFPGAR,3,1,1586.74880564213,237,254,0,Mammalia,Theria,Eutheria,Carnivora,Mustelidae,Lontra,Lontra canadensis,17,42,82.83
593,GANGAPGIAGAPGFPGAR,3,0,1585.76479530334,237,254,0,Mammalia,Theria,Eutheria,Carnivora,Mustelidae,Lontra,Lontra canadensis,17,42,82.26
594,GEPGPPGPAGAAGPAGNPGADGQPGAK,4,0,2316.04186892509,210,236,0,Mammalia,Theria,Eutheria,Carnivora,Mustelidae,Lontra,Lontra canadensis,26,40,57.52
595,GEPGPPGPAGAAGPAGNPGADGQPGAK,5,0,2332.03677916527,210,236,0,Mammalia,Theria,Eutheria,Carnivora,Mustelidae,Lontra,Lontra canadensis,26,40,54.14
596,GEPGPPGPAGAAGPAGNPGADGQPGAK,4,1,2317.02587926388,210,236,0,Mammalia,Theria,Eutheria,Carnivora,Mustelidae,Lontra,Lontra canadensis,26,40,54.09
597,GEPGPPGPAGAAGPAGNPGADGQPGAK,5,1,2333.02078950405,210,236,0,Mammalia,Theria,Eutheria,Carnivora,Mustelidae,Lontra,Lontra canadensis,26,40,44.93
598,GEPGPPGPAGAAGPAGNPGADGQPGAK,6,0,2348.03168940544,210,236,0,Mammalia,Theria,Eutheria,Carnivora,Mustelidae,Lontra,Lontra canadensis,26,40,35.96
599,GEPGPPGPAGAAGPAGNPGADGQPGAK,3,1,2301.0309690237,210,236,0,Mammalia,Theria,Eutheria,Carnivora,Mustelidae,Lontra,Lontra canadensis,26,40,35.32
600,GEPGPPGPAGAAGPAGNPGADGQPGAK,3,0,2300.04695868492,210,236,0,Mammalia,Theria,Eutheria,Carnivora,Mustelidae,Lontra,Lontra canadensis,26,40,34.6
601,GEPGPPGPAGAAGPAGNPGADGQPGAK,4,2,2318.00988960266,210,236,0,Mammalia,Theria,Eutheria,Carnivora,Mustelidae,Lontra,Lontra canadensis,26,40,21.83
602,GEPGPPGPAGAAGPAGNPGADGQPGAK,3,2,2302.01497936249,210,236,0,Mammalia,Theria,Eutheria,Carnivora,Mustelidae,Lontra,Lontra canadensis,26,40,14.53
603,GEPGPPGPAGAAGPAGNPGADGQPGAK,2,0,2284.05204844475,210,236,0,Mammalia,Theria,Eutheria,Carnivora,Mustelidae,Lontra,Lontra canadensis,26,40,1.42
604,GSEGPQGVRGEPGPPGPAGAAGPAGNPGADGQPGAK,3,0,3167.46701157093,201,236,1,Mammalia,Theria,Eutheria,Carnivora,Mustelidae,Lontra,Lontra canadensis,35,39,54.51
605,GSEGPQGVRGEPGPPGPAGAAGPAGNPGADGQPGAK,4,1,3184.44593214989,201,236,1,Mammalia,Theria,Eutheria,Carnivora,Mustelidae,Lontra,Lontra canadensis,35,39,53.77
606,GSEGPQGVRGEPGPPGPAGAAGPAGNPGADGQPGAK,4,0,3183.4619218111,201,236,1,Mammalia,Theria,Eutheria,Carnivora,Mustelidae,Lontra,Lontra canadensis,35,39,48.95
607,GSEGPQGVRGEPGPPGPAGAAGPAGNPGADGQPGAK,5,0,3199.45683205128,201,236,1,Mammalia,Theria,Eutheria,Carnivora,Mustelidae,Lontra,Lontra canadensis,35,39,44.35
608,GSEGPQGVRGEPGPPGPAGAAGPAGNPGADGQPGAK,3,1,3168.45102190971,201,236,1,Mammalia,Theria,Eutheria,Carnivora,Mustelidae,Lontra,Lontra canadensis,35,39,38.57
609,GSEGPQGVRGEPGPPGPAGAAGPAGNPGADGQPGAK,3,3,3170.41904258728,201,236,1,Mammalia,Theria,Eutheria,Carnivora,Mustelidae,Lontra,Lontra canadensis,35,39,31.41
610,GSEGPQGVRGEPGPPGPAGAAGPAGNPGADGQPGAK,2,0,3151.47210133076,201,236,1,Mammalia,Theria,Eutheria,Carnivora,Mustelidae,Lontra,Lontra canadensis,35,39,22.87
611,GSEGPQGVRGEPGPPGPAGAAGPAGNPGADGQPGAK,5,1,3200.44084239006,201,236,1,Mammalia,Theria,Eutheria,Carnivora,Mustelidae,Lontra,Lontra canadensis,35,39,21.46
612,GSEGPQGVRGEPGPPGPAGAAGPAGNPGADGQPGAK,3,2,3169.4350322485,201,236,1,Mammalia,Theria,Eutheria,Carnivora,Mustelidae,Lontra,Lontra canadensis,35,39,15.06
613,GSEGPQGVRGEPGPPGPAGAAGPAGNPGADGQPGAK,4,2,3185.42994248867,201,236,1,Mammalia,Theria,Eutheria,Carnivora,Mustelidae,Lontra,Lontra canadensis,35,39,5.61
614,GSEGPQGVRGEPGPPGPAGAAGPAGNPGADGQPGAK,5,2,3201.42485272884,201,236,1,Mammalia,Theria,Eutheria,Carnivora,Mustelidae,Lontra,Lontra canadensis,35,39,0.79
615,GSEGPQGVRGEPGPPGPAGAAGPAGNPGADGQPGAK,2,2,3153.44012200832,201,236,1,Mammalia,Theria,Eutheria,Carnivora,Mustelidae,Lontra,Lontra canadensis,35,39,0.3
616,GSEGPQGVR,0,0,886.430623173714,201,209,0,Mammalia,Theria,Eutheria,Carnivora,Mustelidae,Lontra,Lontra canadensis,8,38,72.74
617,GSEGPQGVR,0,1,887.414633512497,201,209,0,Mammalia,Theria,Eutheria,Carnivora,Mustelidae,Lontra,Lontra canadensis,8,38,52.04
618,GEAGPQGARGSEGPQGVR,0,0,1709.82444572449,192,209,1,Mammalia,Theria,Eutheria,Carnivora,Mustelidae,Lontra,Lontra canadensis,17,37,37.31
619,GEAGPQGARGSEGPQGVR,0,1,1710.80845606327,192,209,1,Mammalia,Theria,Eutheria,Carnivora,Mustelidae,Lontra,Lontra canadensis,17,37,17.99
620,GEAGPQGARGSEGPQGVR,1,1,1726.80336630344,192,209,1,Mammalia,Theria,Eutheria,Carnivora,Mustelidae,Lontra,Lontra canadensis,17,37,5.03
621,GEAGPQGAR,0,0,842.404392838478,192,200,0,Mammalia,Theria,Eutheria,Carnivora,Mustelidae,Lontra,Lontra canadensis,8,36,41.39
622,GEAGPQGAR,0,1,843.388403177261,192,200,0,Mammalia,Theria,Eutheria,Carnivora,Mustelidae,Lontra,Lontra canadensis,8,36,35.95
623,GNDGATGAAGPPGPTGPAGPPGFPGAVGAKGEAGPQGAR,4,1,3388.57226252556,162,200,1,Mammalia,Theria,Eutheria,Carnivora,Mustelidae,Lontra,Lontra canadensis,38,35,54.74
624,GNDGATGAAGPPGPTGPAGPPGFPGAVGAKGEAGPQGAR,3,1,3372.57735228539,162,200,1,Mammalia,Theria,Eutheria,Carnivora,Mustelidae,Lontra,Lontra canadensis,38,35,44.01
625,GNDGATGAAGPPGPTGPAGPPGFPGAVGAKGEAGPQGAR,5,0,3403.58316242695,162,200,1,Mammalia,Theria,Eutheria,Carnivora,Mustelidae,Lontra,Lontra canadensis,38,35,40.87
626,GNDGATGAAGPPGPTGPAGPPGFPGAVGAKGEAGPQGAR,3,0,3371.5933419466,162,200,1,Mammalia,Theria,Eutheria,Carnivora,Mustelidae,Lontra,Lontra canadensis,38,35,36.37
627,GNDGATGAAGPPGPTGPAGPPGFPGAVGAKGEAGPQGAR,4,0,3387.58825218678,162,200,1,Mammalia,Theria,Eutheria,Carnivora,Mustelidae,Lontra,Lontra canadensis,38,35,30.19
628,GNDGATGAAGPPGPTGPAGPPGFPGAVGAKGEAGPQGAR,2,1,3356.58244204521,162,200,1,Mammalia,Theria,Eutheria,Carnivora,Mustelidae,Lontra,Lontra canadensis,38,35,8.4
629,GNDGATGAAGPPGPTGPAGPPGFPGAVGAKGEAGPQGAR,7,2,3437.54100358486,162,200,1,Mammalia,Theria,Eutheria,Carnivora,Mustelidae,Lontra,Lontra canadensis,38,35,5.22
630,GNDGATGAAGPPGPTGPAGPPGFPGAVGAKGEAGPQGAR,6,0,3419.57807266712,162,200,1,Mammalia,Theria,Eutheria,Carnivora,Mustelidae,Lontra,Lontra canadensis,38,35,1.65
631,GNDGATGAAGPPGPTGPAGPPGFPGAVGAK,4,0,2564.194429636,162,191,0,Mammalia,Theria,Eutheria,Carnivora,Mustelidae,Lontra,Lontra canadensis,29,34,73.36
632,GNDGATGAAGPPGPTGPAGPPGFPGAVGAK,3,0,2548.19951939583,162,191,0,Mammalia,Theria,Eutheria,Carnivora,Mustelidae,Lontra,Lontra canadensis,29,34,64.65
633,GNDGATGAAGPPGPTGPAGPPGFPGAVGAK,3,1,2549.18352973461,162,191,0,Mammalia,Theria,Eutheria,Carnivora,Mustelidae,Lontra,Lontra canadensis,29,34,60.37
634,GNDGATGAAGPPGPTGPAGPPGFPGAVGAK,4,1,2565.17843997478,162,191,0,Mammalia,Theria,Eutheria,Carnivora,Mustelidae,Lontra,Lontra canadensis,29,34,59.19
635,GNDGATGAAGPPGPTGPAGPPGFPGAVGAK,2,0,2532.20460915565,162,191,0,Mammalia,Theria,Eutheria,Carnivora,Mustelidae,Lontra,Lontra canadensis,29,34,56.73
636,GNDGATGAAGPPGPTGPAGPPGFPGAVGAK,1,0,2516.20969891548,162,191,0,Mammalia,Theria,Eutheria,Carnivora,Mustelidae,Lontra,Lontra canadensis,29,34,27.59
637,GNDGATGAAGPPGPTGPAGPPGFPGAVGAK,2,1,2533.18861949444,162,191,0,Mammalia,Theria,Eutheria,Carnivora,Mustelidae,Lontra,Lontra canadensis,29,34,25.01
638,GRPGAPGPAGAR,2,0,1095.55833315849,150,161,0,Mammalia,Theria,Eutheria,Carnivora,Mustelidae,Lontra,Lontra canadensis,11,31,54.71
639,GRPGAPGPAGAR,1,0,1079.56342291832,150,161,0,Mammalia,Theria,Eutheria,Carnivora,Mustelidae,Lontra,Lontra canadensis,11,31,43.65
640,GRPGAPGPAGAR,0,0,1063.56851267815,150,161,0,Mammalia,Theria,Eutheria,Carnivora,Mustelidae,Lontra,Lontra canadensis,11,31,29.0
641,GLPGERGRPGAPGPAGAR,2,0,1704.88193500042,144,161,1,Mammalia,Theria,Eutheria,Carnivora,Mustelidae,Lontra,Lontra canadensis,17,30,28.48
642,GLPGERGRPGAPGPAGAR,3,0,1720.87684524059,144,161,1,Mammalia,Theria,Eutheria,Carnivora,Mustelidae,Lontra,Lontra canadensis,17,30,19.39
643,GEPGSPGENGAPGQMGPRGLPGER,3,0,2352.0564892292,126,149,1,Mammalia,Theria,Eutheria,Carnivora,Mustelidae,Lontra,Lontra canadensis,23,28,1.4
644,GEPGSPGENGAPGQMGPR,3,0,1742.73288738728,126,143,0,Mammalia,Theria,Eutheria,Carnivora,Mustelidae,Lontra,Lontra canadensis,17,27,90.41
645,GEPGSPGENGAPGQMGPR,4,1,1759.71180796623,126,143,0,Mammalia,Theria,Eutheria,Carnivora,Mustelidae,Lontra,Lontra canadensis,17,27,84.32
646,GEPGSPGENGAPGQMGPR,3,2,1744.70090806484,126,143,0,Mammalia,Theria,Eutheria,Carnivora,Mustelidae,Lontra,Lontra canadensis,17,27,79.02
647,GEPGSPGENGAPGQMGPR,3,1,1743.71689772606,126,143,0,Mammalia,Theria,Eutheria,Carnivora,Mustelidae,Lontra,Lontra canadensis,17,27,76.0
648,GEPGSPGENGAPGQMGPR,4,0,1758.72779762745,126,143,0,Mammalia,Theria,Eutheria,Carnivora,Mustelidae,Lontra,Lontra canadensis,17,27,73.58
649,GEPGSPGENGAPGQMGPR,4,2,1760.69581830502,126,143,0,Mammalia,Theria,Eutheria,Carnivora,Mustelidae,Lontra,Lontra canadensis,17,27,69.52
650,GEPGSPGENGAPGQMGPR,5,0,1774.72270786762,126,143,0,Mammalia,Theria,Eutheria,Carnivora,Mustelidae,Lontra,Lontra canadensis,17,27,61.0
651,GEPGSPGENGAPGQMGPR,2,1,1727.72198748589,126,143,0,Mammalia,Theria,Eutheria,Carnivora,Mustelidae,Lontra,Lontra canadensis,17,27,32.02
652,GEPGSPGENGAPGQMGPR,5,1,1775.70671820641,126,143,0,Mammalia,Theria,Eutheria,Carnivora,Mustelidae,Lontra,Lontra canadensis,17,27,29.97
653,GEPGSPGENGAPGQMGPR,2,0,1726.7379771471,126,143,0,Mammalia,Theria,Eutheria,Carnivora,Mustelidae,Lontra,Lontra canadensis,17,27,26.71
654,GEPGSPGENGAPGQMGPR,0,1,1695.73216700554,126,143,0,Mammalia,Theria,Eutheria,Carnivora,Mustelidae,Lontra,Lontra canadensis,17,27,2.25
655,GDAGPAGPKGEPGSPGENGAPGQMGPR,5,1,2526.07293081284,117,143,1,Mammalia,Theria,Eutheria,Carnivora,Mustelidae,Lontra,Lontra canadensis,26,25,49.61
656,GDAGPAGPKGEPGSPGENGAPGQMGPR,3,1,2494.08311033249,117,143,1,Mammalia,Theria,Eutheria,Carnivora,Mustelidae,Lontra,Lontra canadensis,26,25,46.53
657,GDAGPAGPKGEPGSPGENGAPGQMGPR,4,1,2510.07802057266,117,143,1,Mammalia,Theria,Eutheria,Carnivora,Mustelidae,Lontra,Lontra canadensis,26,25,46.32
658,GDAGPAGPKGEPGSPGENGAPGQMGPR,3,0,2493.09909999371,117,143,1,Mammalia,Theria,Eutheria,Carnivora,Mustelidae,Lontra,Lontra canadensis,26,25,46.3
659,GDAGPAGPKGEPGSPGENGAPGQMGPR,5,0,2525.08892047405,117,143,1,Mammalia,Theria,Eutheria,Carnivora,Mustelidae,Lontra,Lontra canadensis,26,25,39.95
660,GDAGPAGPKGEPGSPGENGAPGQMGPR,4,0,2509.09401023388,117,143,1,Mammalia,Theria,Eutheria,Carnivora,Mustelidae,Lontra,Lontra canadensis,26,25,37.54
661,GDAGPAGPKGEPGSPGENGAPGQMGPR,5,2,2527.05694115162,117,143,1,Mammalia,Theria,Eutheria,Carnivora,Mustelidae,Lontra,Lontra canadensis,26,25,37.04
662,GDAGPAGPKGEPGSPGENGAPGQMGPR,4,2,2511.06203091145,117,143,1,Mammalia,Theria,Eutheria,Carnivora,Mustelidae,Lontra,Lontra canadensis,26,25,35.95
663,GDAGPAGPKGEPGSPGENGAPGQMGPR,6,1,2542.06784105301,117,143,1,Mammalia,Theria,Eutheria,Carnivora,Mustelidae,Lontra,Lontra canadensis,26,25,33.92
664,GDAGPAGPKGEPGSPGENGAPGQMGPR,3,2,2495.06712067127,117,143,1,Mammalia,Theria,Eutheria,Carnivora,Mustelidae,Lontra,Lontra canadensis,26,25,18.16
665,GDAGPAGPKGEPGSPGENGAPGQMGPR,2,0,2477.10418975353,117,143,1,Mammalia,Theria,Eutheria,Carnivora,Mustelidae,Lontra,Lontra canadensis,26,25,0.33
666,GFSGLDGAKGDAGPAGPK,1,0,1617.7797961235,108,125,1,Mammalia,Theria,Eutheria,Carnivora,Mustelidae,Lontra,Lontra canadensis,17,22,79.88
667,GFSGLDGAKGDAGPAGPK,0,0,1601.78488588333,108,125,1,Mammalia,Theria,Eutheria,Carnivora,Mustelidae,Lontra,Lontra canadensis,17,22,25.59
668,GFSGLDGAK,1,0,867.413583517075,108,116,0,Mammalia,Theria,Eutheria,Carnivora,Mustelidae,Lontra,Lontra canadensis,8,21,46.11
669,GFSGLDGAK,0,0,851.418673276901,108,116,0,Mammalia,Theria,Eutheria,Carnivora,Mustelidae,Lontra,Lontra canadensis,8,21,41.79
670,GHRGFSGLDGAK,0,0,1201.60022354126,105,116,1,Mammalia,Theria,Eutheria,Carnivora,Mustelidae,Lontra,Lontra canadensis,11,19,56.24
671,GLPGTAGLPGMKGHR,4,0,1512.75180566311,93,107,1,Mammalia,Theria,Eutheria,Carnivora,Mustelidae,Lontra,Lontra canadensis,14,17,9.47
672,GLPGTAGLPGMKGHR,3,0,1496.75689542294,93,107,1,Mammalia,Theria,Eutheria,Carnivora,Mustelidae,Lontra,Lontra canadensis,14,17,4.43
673,GLPGTAGLPGMKGHR,2,0,1480.76198518276,93,107,1,Mammalia,Theria,Eutheria,Carnivora,Mustelidae,Lontra,Lontra canadensis,14,17,2.93
674,GLPGTAGLPGMK,2,0,1130.5804349184,93,104,0,Mammalia,Theria,Eutheria,Carnivora,Mustelidae,Lontra,Lontra canadensis,11,16,40.94
675,GLPGTAGLPGMK,3,0,1146.57534515858,93,104,0,Mammalia,Theria,Eutheria,Carnivora,Mustelidae,Lontra,Lontra canadensis,11,16,37.56
676,GLPGTAGLPGMK,4,0,1162.57025539875,93,104,0,Mammalia,Theria,Eutheria,Carnivora,Mustelidae,Lontra,Lontra canadensis,11,16,22.27
677,GPPGPQGAR,1,0,852.425142645836,84,92,0,Mammalia,Theria,Eutheria,Carnivora,Mustelidae,Lontra,Lontra canadensis,8,14,39.1
678,GPPGPQGAR,1,1,853.409152984619,84,92,0,Mammalia,Theria,Eutheria,Carnivora,Mustelidae,Lontra,Lontra canadensis,8,14,25.26
679,GPPGPQGAR,0,1,837.414242744446,84,92,0,Mammalia,Theria,Eutheria,Carnivora,Mustelidae,Lontra,Lontra canadensis,8,14,2.93
680,GPPGPQGAR,0,0,836.430232405663,84,92,0,Mammalia,Theria,Eutheria,Carnivora,Mustelidae,Lontra,Lontra canadensis,8,14,1.92
681,NGDDGEAGKPGRPGER,1,0,1627.73491597176,68,83,0,Mammalia,Theria,Eutheria,Carnivora,Mustelidae,Lontra,Lontra canadensis,15,8,45.54
682,NGDDGEAGKPGRPGER,1,1,1628.71892631054,68,83,0,Mammalia,Theria,Eutheria,Carnivora,Mustelidae,Lontra,Lontra canadensis,15,8,41.7
683,NGDDGEAGKPGRPGER,2,1,1644.71383655071,68,83,0,Mammalia,Theria,Eutheria,Carnivora,Mustelidae,Lontra,Lontra canadensis,15,8,31.64
684,NGDDGEAGKPGRPGER,2,0,1643.72982621193,68,83,0,Mammalia,Theria,Eutheria,Carnivora,Mustelidae,Lontra,Lontra canadensis,15,8,27.09
685,GLPGPPGAPGPQGFQGPPGEPGEPGASGPMGPR,8,0,3132.38967251778,27,59,0,Mammalia,Theria,Eutheria,Carnivora,Mustelidae,Lontra,Lontra canadensis,32,4,25.15
686,GLPGPPGAPGPQGFQGPPGEPGEPGASGPMGPR,3,1,3053.39913165569,27,59,0,Mammalia,Theria,Eutheria,Carnivora,Mustelidae,Lontra,Lontra canadensis,32,4,25.04
687,GLPGPPGAPGPQGFQGPPGEPGEPGASGPMGPR,7,0,3116.3947622776,27,59,0,Mammalia,Theria,Eutheria,Carnivora,Mustelidae,Lontra,Lontra canadensis,32,4,23.88
688,GLPGPPGAPGPQGFQGPPGEPGEPGASGPMGPR,6,0,3100.39985203743,27,59,0,Mammalia,Theria,Eutheria,Carnivora,Mustelidae,Lontra,Lontra canadensis,32,4,23.18
689,GLPGPPGAPGPQGFQGPPGEPGEPGASGPMGPR,6,1,3101.38386237621,27,59,0,Mammalia,Theria,Eutheria,Carnivora,Mustelidae,Lontra,Lontra canadensis,32,4,19.6
690,GLPGPPGAPGPQGFQGPPGEPGEPGASGPMGPR,4,0,3068.41003155708,27,59,0,Mammalia,Theria,Eutheria,Carnivora,Mustelidae,Lontra,Lontra canadensis,32,4,19.42
691,GLPGPPGAPGPQGFQGPPGEPGEPGASGPMGPR,5,1,3085.38895213604,27,59,0,Mammalia,Theria,Eutheria,Carnivora,Mustelidae,Lontra,Lontra canadensis,32,4,15.91
692,GLPGPPGAPGPQGFQGPPGEPGEPGASGPMGPR,8,1,3133.37368285656,27,59,0,Mammalia,Theria,Eutheria,Carnivora,Mustelidae,Lontra,Lontra canadensis,32,4,15.67
693,GLPGPPGAPGPQGFQGPPGEPGEPGASGPMGPR,5,0,3084.40494179726,27,59,0,Mammalia,Theria,Eutheria,Carnivora,Mustelidae,Lontra,Lontra canadensis,32,4,14.66
694,GLPGPPGAPGPQGFQGPPGEPGEPGASGPMGPR,3,0,3052.41512131691,27,59,0,Mammalia,Theria,Eutheria,Carnivora,Mustelidae,Lontra,Lontra canadensis,32,4,12.76
695,GLPGPPGAPGPQGFQGPPGEPGEPGASGPMGPR,7,1,3117.37877261639,27,59,0,Mammalia,Theria,Eutheria,Carnivora,Mustelidae,Lontra,Lontra canadensis,32,4,11.46
696,GLPGPPGAPGPQGFQGPPGEPGEPGASGPMGPR,2,1,3037.40422141552,27,59,0,Mammalia,Theria,Eutheria,Carnivora,Mustelidae,Lontra,Lontra canadensis,32,4,0.11
697,SAGGISVPGPMGPSGPR,0,0,1523.75656580925,10,26,0,Mammalia,Theria,Eutheria,Carnivora,Mustelidae,Lontra,Lontra canadensis,16,3,75.41
698,SAGGISVPGPMGPSGPR,3,0,1571.74129652977,10,26,0,Mammalia,Theria,Eutheria,Carnivora,Mustelidae,Lontra,Lontra canadensis,16,3,50.41
699,SAGGISVPGPMGPSGPR,2,0,1555.7463862896,10,26,0,Mammalia,Theria,Eutheria,Carnivora,Mustelidae,Lontra,Lontra canadensis,16,3,46.04
700,SAGGISVPGPMGPSGPR,1,0,1539.75147604942,10,26,0,Mammalia,Theria,Eutheria,Carnivora,Mustelidae,Lontra,Lontra canadensis,16,3,37.95
701,QMSYGYDEKSAGGISVPGPMGPSGPR,2,1,2658.17432165146,1,26,1,Mammalia,Theria,Eutheria,Carnivora,Mustelidae,Lontra,Lontra canadensis,25,1,38.47
